ACCOUNT_MODEL,ACCOUNT_TYPE_ALIAS,ACCOUNT_TYPE_ID,ACCOUNT_TYPE_NAME,APPLY_CREDIT_LIMIT,BALANCE_DIRECTION,CREATE_OPER_ID,CREATE_OPER_TIME,CURRENCY,CUSTOMER_APPLIED,DEBIT_QUERY_BALANCE,DESCRIPTION,EXCLUDE_LIMIT,FOR_CHARGE_CREDIT,FOR_CHARGE_DEBIT,FOR_TAX_CREDIT,FOR_TAX_DEBIT,GROUP_APPLIED,ISLOYALTYPROVIDERACCT,IS_ALLOW_OVER_DRAW,IS_SHARABLE,LAST_OPER_ID,LAST_OPER_TIME,LOAD_DATA_TS,ORGANIZATION_APPLIED,REALTIME_UPDATE,SP_APPLIED,STATUS,STATUS_GROUP,UNIQUE_ID,VALUE_TYPE                                                                                                                                                                                                                                                                                                                                                                                                                                                                                                                                                    <endrec>
"1003","Control Account","10001","Control Account","","1","203000000000010002","2014-03-06 10:26:45.294000","TZS","false","","Control Account for the trust holding account","false","false","false","false","false","False","","false","0","203000000000010002","2014-03-21 10:46:20.777000","2014-03-21 10:46:20.777000","false","true","true","50","1000|1002","20003","1001"<endrec>
"1001","M-PESA Account For Customer","10011","M-PESA Account","","2","203000000000010002","2014-03-10 11:13:03.984000","TZS","true","","M-PESA Account For Customer","false","false","true","false","false","False","","false","0","203000000000010002","2014-03-11 14:10:32.044000","2014-03-11 14:10:32.044000","false","true","false","50","1004|1005|1006|1000|1002","20004","1001"<endrec>
"1001","Float Account","10013","Float Account","","2","203000000000010002","2014-03-10 12:25:39.776000","TZS","false","","The float account is used to carry out Agent operations such as deposit and withdrawal of funds","false","false","true","false","false","False","","false","0","203000000000010503","2015-07-17 16:52:57.582000","2015-07-17 16:52:57.582000","true","true","false","50","1004|1005|1000|1002|1006","20007","1001"<endrec>
"1001","M-PESA Commission Received Account For SP","10014","M-PESA Commission Received Account For SP","","2","203000000000010002","2014-03-10 16:43:16.869000","TZS","false","","M-PESA Commission Received Account For SP","true","true","false","false","false","False","","false","0","203000000000010002","2014-03-19 13:46:10.913000","2014-03-19 13:46:10.913000","false","false","true","50","1000|1002","20026","1001"<endrec>
"1001","Utility Account","10015","Utility Account","","2","203000000000010002","2014-03-10 17:16:36.251000","TZS","false","","A trading account for businesses to send and receive payments to and from customers","false","false","true","false","false","False","","false","0","203000000000010002","2014-03-10 17:16:43.340000","2014-03-10 17:16:43.340000","true","true","false","30","1004|1005|1006|1000|1002","20035","1001"<endrec>
"1001","Charges Paid Account","10016","Charges Paid Account","","2","203000000000010002","2014-03-10 17:20:36.327000","TZS","false","","Charges Paid Account","false","false","true","false","false","False","","false","1","203000000000010002","2014-03-21 10:08:18.542000","2014-03-21 10:08:18.542000","true","true","false","50","1004|1005|1006|1000|1002","20036","1001"<endrec>
"1001","MMF Customer Account","10011","M-PESA Account","","2","203000000000010002","2014-03-11 14:10:26.389000","TZS","true","","MMF Account For Customer","false","true","true","false","false","False","","false","0","203000000000010164","2014-12-09 15:54:40.575000","2014-12-09 15:54:40.575000","false","true","false","50","1004|1005|1000|1002|1006","20051","1001"<endrec>
"1001","Financial Services Account","10017","Financial Services Account","0","2","203000000000010002","2014-03-11 18:53:21.059000","TZS","false","","Used by Financial Institutions for credit and savings client transactions","false","false","true","false","false","false","false","false","0","203000000000019121","2017-09-25 08:03:50.090000","2017-09-25 07:46:49.000000","true","true","false","50","1004|1005|1006|1000|1002","20088","1001"<endrec>
"1001","Commission Paid Account","10018","M-PESA Commission Paid Account","","2","203000000000010002","2014-03-12 15:28:43.585000","TZS","false","","Total commission paid by the Service Provider","true","false","true","false","false","False","","true","0","203000000000010806","2015-09-21 08:38:17.968000","2015-09-21 08:47:47.000000","false","false","true","50","1000|1002|1006","20106","1001"<endrec>
"1001","Agency Commission Account","10019","Agency Commission Account","","1","203000000000010002","2014-03-12 15:32:09.881000","TZS","false","","Agency Commission Account","true","true","true","false","false","False","","true","0","203000000000010002","2014-03-13 20:05:37.950000","2014-03-13 20:05:37.950000","true","true","false","50","1004|1005|1006|1000|1002","20107","1001"<endrec>
"1001","M-PESA Commission Payable Account","10020","M-PESA Commission Payable Account","","2","203000000000010002","2014-03-12 17:59:42.979000","TZS","false","","Holding account for liable commission payments used in transactions such as Send Money/Give Cash","true","true","true","false","false","False","","false","0","203000000000010036","2014-08-26 10:10:32.119000","2014-08-26 10:10:32.119000","false","true","true","50","1000|1002|1006","20114","1001"<endrec>
"1001","Merchant Account","10022","Merchant Account","","2","203000000000010002","2014-03-13 11:06:28.173000","TZS","false","","Merchant Account","false","false","false","false","false","False","","false","0","203000000000010386","2015-03-11 14:36:30.692000","2015-03-11 14:36:30.692000","true","true","false","50","1004|1005|1006|1000|1002","20121","1001"<endrec>
"1001","Withholding Tax Account for Service Provider","10023","Withholding Tax Account for Service Provider","","2","203000000000010002","2014-03-13 15:42:38.559000","TZS","false","","Withholding Tax Account for Service Provider","true","false","false","true","false","False","","false","0","203000000000010002","2014-03-21 10:48:45.464000","2014-03-21 10:48:45.464000","false","false","true","50","1000|1002","20135","1001"<endrec>
"1001","Agency Commission Payable Account","10024","Agency Commission Payable Account","","2","203000000000010002","2014-03-13 18:11:49.940000","TZS","false","","Agency Commission Payable Account","true","false","false","false","true","False","","false","0","203000000000010002","2014-03-21 10:47:41.853000","2014-03-21 10:47:41.853000","true","false","false","50","1004|1005|1006|1000|1002","20141","1001"<endrec>
"1001","Commission Held Account","10025","Commission Held Account","","2","203000000000010002","2014-03-13 18:22:43.111000","TZS","false","","Commission Held Account","true","false","false","false","false","False","","false","0","203000000000010002","2014-03-13 20:31:46.782000","2014-03-13 20:31:46.782000","true","true","false","50","1004|1005|1006|1000|1002","20143","1001"<endrec>
"1001","Withdrawals Holding Account","10026","Withdrawals Holding Account","","2","203000000000010002","2014-03-13 18:53:57.226000","TZS","false","","Holds withdrawals before allocation to a control account","true","false","false","false","false","False","","false","0","203000000000010036","2014-08-26 10:10:46.694000","2014-08-26 10:10:46.694000","false","true","true","30","1000|1002|1006","20150","1001"<endrec>
"1001","Agency Commission Account","10019","Agency Commission Account","","1","203000000000010002","2014-03-13 20:05:31.934000","TZS","false","","Agency Commission Account","true","true","true","false","true","False","","true","0","203000000000010002","2014-03-14 15:01:29.609000","2014-03-14 15:01:29.609000","true","true","false","50","1004|1005|1006|1000|1002","20160","1001"<endrec>
"1001","Commission Held Account","10025","Commission Held Account","","2","203000000000010002","2014-03-13 20:31:41.911000","TZS","false","","Agency Commission Held Account","true","false","false","false","false","False","","false","0","203000000000010036","2014-08-26 10:10:16.465000","2014-08-26 10:10:16.465000","true","true","false","30","1004|1005|1000|1002|1006","20161","1001"<endrec>
"1001","Commission Account","10019","Agency Commission Account","","2","203000000000010002","2014-03-14 14:57:38.532000","TZS","false","","Agency Commission Account","true","true","true","false","true","False","","true","0","203000000000010164","2014-11-25 16:16:03.591000","2014-11-25 16:16:03.591000","true","true","false","50","1004|1005|1000|1002|1006","20166","1001"<endrec>
"1001","Airtime Purchase Account","10027","Airtime Purchase Account","","2","203000000000010002","2014-03-17 14:11:43.101000","TZS","false","","Airtime Purchase Account","true","false","true","false","false","False","","false","0","203000000000010164","2014-12-02 09:49:49.143000","2014-12-02 09:49:49.143000","true","false","false","50","1000|1002","20192","1001"<endrec>
"1001","Archived Funds Holding Account","10029","Archived Funds Holding Account","","2","203000000000010002","2014-03-18 15:16:26.377000","TZS","false","","Holds funds from recycled customer accounts","true","false","false","false","false","False","","false","0","203000000000010036","2014-08-26 10:10:23.942000","2014-08-26 10:10:23.942000","false","true","true","30","1000|1002|1006","20248","1001"<endrec>
"1001","Unclaimed Archived Funds Account","10030","Unclaimed Archived Funds Account","","2","203000000000010002","2014-03-18 15:18:03.123000","TZS","false","","Holds unclaimed funds from recycled accounts","true","false","false","false","false","False","","false","0","203000000000010002","2014-03-18 15:18:16.185000","2014-03-18 15:18:16.185000","false","true","true","30","1000|1002","20249","1001"<endrec>
"1001","Deposits Holding Account","10031","Deposits Holding Account","","2","203000000000010002","2014-03-19 10:34:32.649000","TZS","false","","Allows the Finance Team to fix Bank Reconciliation issues by allocating deposits from unknown sources here temporarily","true","false","false","false","false","False","","false","0","203000000000010002","2014-03-19 10:35:00.407000","2014-03-19 10:35:00.407000","false","true","true","30","1000|1002","20268","1001"<endrec>
"1001","Bank Charges Account","10032","Bank Charges Account","","2","203000000000010002","2014-03-19 10:41:01.403000","TZS","false","","Bank Charges Account","true","false","false","false","false","False","","false","0","203000000000010002","2014-03-24 03:50:13.695000","2014-03-24 03:50:13.695000","false","true","true","50","1000|1002","20269","1001"<endrec>
"1001","VAT Account","10033","V.A.T. Account","","2","203000000000010002","2014-03-19 10:43:08.473000","TZS","false","","Holds V.A.T. deducted from commission payments to 3rd party organisations","true","false","false","false","false","False","","false","0","203000000000011204","2015-08-10 11:42:36.210000","2015-08-10 11:42:36.210000","false","true","true","50","1000|1002","20270","1001"<endrec>
"1001","Commission Received Account","10014","M-PESA Commission Received Account","","2","203000000000010002","2014-03-19 13:46:03.057000","TZS","false","","Total Commission received by the Service Provider","true","true","true","false","false","False","","false","0","203000000000010806","2015-08-20 10:45:27.544000","2015-08-20 10:45:27.544000","false","false","true","50","1000|1002|1006","20282","1001"<endrec>
"1001","Interest Received Account","10034","Interest Received Account","","2","203000000000010002","2014-03-20 09:48:09.737000","TZS","false","","Interest Received Account","true","false","false","false","false","False","","false","0","203000000000010002","2014-03-21 10:54:09.511000","2014-03-21 10:54:09.511000","false","false","true","50","1000|1002","20292","1001"<endrec>
"1001","Charges Paid Account","10016","Charges Paid Account","","2","203000000000010002","2014-03-21 10:08:11.307000","TZS","false","","Accounts for charges levied against businesses for money transfer services","false","false","true","false","false","False","","true","1","203000000000010503","2015-07-17 16:52:18.819000","2015-07-17 16:52:18.819000","true","true","false","50","1004|1005|1006|1000|1002","20354","1001"<endrec>
"1003","Control Account","10001","Control Account","","1","203000000000010002","2014-03-21 10:46:12.720000","TZS","false","","Control Account for the trust holding account","true","false","false","false","false","False","","true","0","203000000000010002","2014-04-12 11:06:53.245000","2014-04-12 11:06:53.245000","false","true","true","50","1000|1002","20358","1001"<endrec>
"1001","Commission Payable Account","10024","Commission Payable Account","","2","203000000000010002","2014-03-21 10:47:36.151000","TZS","false","","Holding account for commission invoiced by the head office, but not yet invoiced by independent stores","true","false","false","false","true","False","","false","0","203000000000010503","2015-07-17 16:46:39.659000","2015-07-17 16:46:39.659000","true","true","false","50","1004|1005|1006|1000|1002","20359","1001"<endrec>
"1001","Withholding Tax Account for Service Provider","10023","Withholding Tax Account for Service Provider","","2","203000000000010002","2014-03-21 10:48:39.144000","TZS","false","","Withholding Tax Account for Service Provider","true","false","false","true","false","False","","false","0","203000000000010002","2014-03-21 10:48:45.555000","2014-03-21 10:48:45.555000","false","true","true","30","1000|1002","20360","1001"<endrec>
"1001","Interest Received Account","10034","Interest Received Account","","2","203000000000010002","2014-03-21 10:54:03.762000","TZS","false","","Holds interest earned against the Bank Account associated with the Control Account","true","false","false","false","false","False","","false","0","203000000000010002","2014-03-21 10:54:09.608000","2014-03-21 10:54:09.608000","false","true","true","30","1000|1002","20361","1001"<endrec>
"1001","Bank Charges Account","10032","Bank Charges Account","","2","203000000000010002","2014-03-24 03:50:03.907000","TZS","false","","Holds all of the bank charges applied to the trust bank account","true","false","false","false","false","False","","true","0","203000000000010002","2014-03-24 03:50:13.914000","2014-03-24 03:50:13.914000","false","true","true","30","1000|1002","30002000","1001"<endrec>
"1003","Control Account","10001","Control Account","0","1","203000000000010002","2014-04-12 11:06:13.353000","TZS","false","","Control Account that reflects the trust bank account","true","false","false","false","false","false","false","false","0","203000000000010806","2017-10-05 13:41:48.477000","2017-10-05 13:24:01.000000","false","true","true","50","1000|1002|1006","30015714","1001"<endrec>
"1001","Settlement Account","10089","Settlement Account","","2","203000000000010063","2014-06-06 23:28:10.458000","TZS","false","","Holds the debits and credits created during the automated settlement of M-Pesa Revenue or Airtime","false","false","false","false","false","False","","true","0","203000000000010503","2015-07-17 16:53:54.249000","2015-07-17 16:53:54.249000","false","true","true","50","1000|1002|1006","30059355","1001"<endrec>
"1001","Charges Paid High Volume Account","10135","Charges Paid High Volume Account","","2","203000000000010063","2014-10-01 09:13:55.445000","TZS","false","","Charges Paid High Volume Account","true","false","true","false","false","False","","true","0","203000000000010063","2014-10-01 09:21:39.968000","2014-10-01 09:21:39.968000","true","true","false","30","1000|1002|1006","30099640","1001"<endrec>
"1001","Deposit Account","10136","Deposit Account","","2","203000000000010063","2014-10-01 09:15:26.915000","TZS","false","","Deposit Account","true","false","false","false","false","False","","false","0","203000000000010164","2014-11-28 18:05:54.705000","2014-11-28 18:05:54.705000","true","true","false","50","1000|1002|1006","30099641","1001"<endrec>
"1001","Final Payout Account","10137","Final Payout Account","","2","203000000000010063","2014-10-01 09:16:41.871000","TZS","false","","Final Payout Account","true","false","true","false","false","False","","false","0","203000000000010164","2014-11-28 18:24:53.567000","2014-11-28 18:24:53.567000","true","true","false","50","1000|1002|1006","30099642","1001"<endrec>
"1001","Loan Disbursement Account","10138","Loan Disbursement Account","","2","203000000000010063","2014-10-01 09:17:23.436000","TZS","false","","Loan Disbursement Account","true","false","false","false","false","False","","false","0","203000000000010164","2014-11-28 18:21:37.106000","2014-11-28 18:21:37.106000","true","true","false","50","1000|1002|1006","30099643","1001"<endrec>
"1001","Loan Repayment Account","10139","Loan Repayment Account","","2","203000000000010063","2014-10-01 09:18:49.897000","TZS","false","","Loan Repayment Account","true","false","false","false","false","False","","false","0","203000000000010164","2014-11-28 18:24:23.847000","2014-11-28 18:24:23.847000","true","true","false","50","1000|1002|1006","30099644","1001"<endrec>
"1001","Withdrawal Account","10140","Withdrawal Account","","2","203000000000010063","2014-10-01 09:19:17.807000","TZS","false","","Withdrawal Account","true","false","false","false","false","False","","false","0","203000000000010164","2014-11-28 18:09:49.379000","2014-11-28 18:09:49.379000","true","true","false","50","1000|1002|1006","30099645","1001"<endrec>
"1001","Zero Value Account","10141","Zero Value Account","","2","203000000000010063","2014-10-01 09:19:52.660000","TZS","false","","Used to support high-volume throughput of zero-valued transactions","true","true","false","false","false","False","","false","0","203000000000010063","2014-10-01 09:22:00.518000","2014-10-01 09:22:00.518000","true","true","false","30","1000|1002|1006","30099646","1001"<endrec>
"1001","Data Bundle Purchase Account","10152","Data Bundle Purchase Account","","2","203000000000010164","2014-11-13 12:34:33.869000","TZS","false","","Holds the credits from customer purchases of bundle products","false","true","true","true","false","False","","true","0","203000000000010502","2015-07-24 11:10:26.724000","2015-07-24 11:10:26.724000","true","false","false","50","1000|1002|1006","30120090","1001"<endrec>
"1001","Commission Account","10019","Commission Account","","2","203000000000010503","2015-07-17 16:45:46.615000","TZS","false","","Collects commission earned by agents","true","true","true","true","true","False","","true","0","203000000000010503","2015-07-17 16:45:54.285000","2015-07-17 16:45:54.285000","true","true","false","30","1002|1006|1005|1000|1004|1000|1002|1006","30120466","1001"<endrec>
"1001","Commission Payable Account","10024","Commission Payable Account","","2","203000000000010503","2015-07-17 16:46:30.669000","TZS","false","","Holding account for commission invoiced by the head office, but not yet invoiced by independent stores","true","false","false","true","true","False","","false","0","203000000000010503","2015-07-17 16:46:39.678000","2015-07-17 16:46:39.678000","true","true","false","30","1002|1006|1005|1000|1004|1000|1002|1006","30120467","1001"<endrec>
"1001","Charges Paid Account","10016","Charges Paid Account","","2","203000000000010503","2015-07-17 16:52:12.473000","TZS","false","","Accounts for charges levied against businesses for money transfer services","false","true","true","false","false","False","","true","1","203000000000010503","2015-07-17 16:52:18.837000","2015-07-17 16:52:18.837000","true","true","false","30","1002|1006|1005|1000|1004|1000|1002|1006","30120468","1001"<endrec>
"1001","Float Account","10013","Float Account","","2","203000000000010503","2015-07-17 16:52:50.149000","TZS","false","","The float account is used to carry out Agent operations such as deposit and withdrawal of funds","false","true","true","false","false","false","","false","0","203000000000010806","2016-08-18 12:45:33.119000","2016-08-18 12:45:00.000000","true","true","false","50","1002|1006|1005|1000|1004|1000|1002|1006","30120469","1001"<endrec>
"1001","M-PESA Account","10011","M-PESA Account","","2","203000000000010503","2015-07-17 16:53:21.519000","TZS","true","","M-PESA working capital account","false","true","true","false","false","False","","false","0","203000000000011204","2015-08-25 04:58:50.881000","2015-08-25 04:58:50.881000","true","true","true","50","1002|1006|1005|1000|1004|1000|1002|1006","30120470","1001"<endrec>
"1001","Settlement Account","10089","Settlement Account","","2","203000000000010503","2015-07-17 16:53:45.841000","TZS","false","","Holds the debits and credits created during the automated settlement of M-Pesa Revenue or Airtime","false","false","false","false","false","False","","true","0","203000000000010502","2015-07-20 18:37:09.880000","2015-07-20 18:37:09.880000","true","true","true","50","1002|1006|1000|1000|1002|1006","30120471","1001"<endrec>
"1001","Settlement Account","10089","Settlement Account","","2","203000000000010502","2015-07-20 18:36:59.901000","TZS","false","","Holds the debits and credits created during the automated settlement of M-Pesa Revenue or Airtime","true","false","false","false","false","False","","true","0","203000000000010502","2015-07-24 11:09:48.757000","2015-07-24 11:09:48.757000","true","true","true","50","1002|1006|1000|1000|1002|1006","30121467","1001"<endrec>
"1001","Commission Account","10019","Agency Commission Account","","2","203000000000010164","2014-11-25 16:15:52.410000","TZS","false","","Agency Commission Account","true","true","true","false","true","False","","true","0","203000000000010164","2014-11-25 16:24:33.883000","2014-11-25 16:24:33.883000","true","true","false","50","1004|1005|1000|1002|1006","30131079","1001"<endrec>
"1001","Commission Account","10019","Commission Account","","2","203000000000010164","2014-11-25 16:24:02.627000","TZS","false","","Collects commission earned by agents","true","true","true","false","true","False","","true","0","203000000000010503","2015-07-17 16:45:54.242000","2015-07-17 16:45:54.242000","true","true","false","50","1004|1005|1000|1002|1006","30131080","1001"<endrec>
"1001","Deposit Account","10136","Deposit Account","","2","203000000000010164","2014-11-28 18:05:12.329000","TZS","false","","This account can be used by Financial Institutions to receive deposits into their customers' savings accounts","false","false","false","false","false","False","","false","0","203000000000010164","2014-11-28 18:05:54.765000","2014-11-28 18:05:54.765000","true","true","false","30","1000|1002|1006","30132181","1001"<endrec>
"1001","Withdrawal Account","10140","Withdrawal Account","","2","203000000000010164","2014-11-28 18:09:43.578000","TZS","false","","Used by Financial Institutions to pay out withdrawals from customers' savings accounts","false","false","false","false","false","False","","false","0","203000000000010164","2014-11-28 18:09:49.408000","2014-11-28 18:09:49.408000","true","true","false","30","1000|1002|1006","30132184","1001"<endrec>
"1001","Loan Disbursement Account","10138","Loan Disbursement Account","","2","203000000000010164","2014-11-28 18:21:30.851000","TZS","false","","Used by Financial Institutions to make loan payments to their customers","false","false","false","false","false","False","","false","0","203000000000010164","2014-11-28 18:21:37.162000","2014-11-28 18:21:37.162000","true","true","false","30","1000|1002|1006","30132187","1001"<endrec>
"1001","Loan Repayment Account","10139","Loan Repayment Account","","2","203000000000010164","2014-11-28 18:24:16.782000","TZS","false","","Used by Financial Institutions to receive loan repayments from their customers","false","false","false","false","false","False","","false","0","203000000000010164","2014-11-28 18:24:23.895000","2014-11-28 18:24:23.895000","true","true","false","30","1000|1002|1006","30132189","1001"<endrec>
"1001","Final Payout Account","10137","Final Payout Account","","2","203000000000010164","2014-11-28 18:24:47.094000","TZS","false","","This account can be used by Financial Institutions to make a final payout from a customer's savings account","false","false","true","false","false","False","","false","0","203000000000010164","2014-11-28 18:24:53.616000","2014-11-28 18:24:53.616000","true","true","false","30","1000|1002|1006","30132190","1001"<endrec>
"1001","Airtime Purchase Account","10027","Airtime Purchase Account","","2","203000000000010164","2014-12-02 09:49:37.114000","TZS","false","","Receives payments for airtime purchases","true","false","true","false","false","false","false","false","0","203000000000010811","2016-12-27 12:00:56.093000","2016-12-27 12:00:36.000000","true","false","false","50","1000|1002|1006","30135081","1001"<endrec>
"1001","MMF Account For Customer - M-PESA Account","10011","M-PESA Account","","2","203000000000010164","2014-12-09 15:54:35.519000","TZS","true","","MMF Account For Customer","false","true","true","false","false","False","","false","0","203000000000010164","2014-12-12 16:04:26.662000","2014-12-12 16:04:26.662000","false","true","false","50","1004|1005|1000|1002|1006","30136111","1001"<endrec>
"1001","M-PESA Account","10011","M-PESA Account","","2","203000000000010164","2014-12-12 16:04:20.450000","TZS","true","","M-PESA working capital account","false","true","true","false","false","False","","false","0","203000000000010503","2015-07-17 16:53:29.681000","2015-07-17 16:53:29.681000","false","true","false","50","1004|1005|1000|1002|1006","30137082","1001"<endrec>
"1001","Merchant Account","10022","Merchant Account","","2","203000000000010386","2015-03-11 14:36:21.151000","TZS","false","","Used by merchant organisations to receive payments for goods","false","false","true","false","false","False","","false","0","203000000000010386","2015-03-11 14:36:30.705000","2015-03-11 14:36:30.705000","true","true","false","30","1004|1005|1000|1002|1006","30159261","1001"<endrec>
"1001","Settlement Account","10089","Settlement Account","","2","203000000000010502","2015-07-24 11:09:38.900000","TZS","false","","Holds the debits and credits created during the automated settlement of M-Pesa Revenue or Airtime","false","false","false","false","false","False","","true","0","203000000000010809","2015-08-06 21:53:27.608000","2015-08-06 21:53:27.608000","true","true","true","50","1002|1006|1000|1000|1002|1006","937143897","1001"<endrec>
"1001","Data Bundle Purchase Account","10152","Data Bundle Purchase Account","","2","203000000000010502","2015-07-24 11:10:16.172000","TZS","false","","Holds the credits from customer purchases of bundle products","true","true","true","true","false","False","","true","0","203000000000010502","2015-07-24 11:10:26.737000","2015-07-24 11:10:26.737000","true","false","false","30","1002|1006|1000|1000|1002|1006","937143898","1001"<endrec>
"1001","V.A.T. Paid Account","21046","V.A.T. Paid Account","","2","203000000000010809","2015-07-27 12:14:28.873000","TZS","false","","Holds V.A.T. deducted from commission payments to 3rd party organisations","false","false","false","false","true","false","false","true","0","203000000000014911","2017-08-02 15:07:14.374000","2017-08-02 14:59:35.000000","false","true","true","50","1002|1006|1000|1004|1000|1002|1006","937144899","1001"<endrec>
"1001","M-PESA Airtime Commission Account","21047","M-PESA Airtime Commission Account","","2","203000000000010805","2015-07-27 12:22:24.215000","TZS","false","","Holds the revenue the service provider earns from airtime purchases made through M-Pesa","false","true","false","false","false","false","","false","0","203000000000010806","2016-08-18 12:47:31.190000","2016-08-18 12:46:59.000000","false","true","true","50","1002|1006|1000|1004|1000|1002|1006","937144900","1001"<endrec>
"1001","Settlement Account","10089","Settlement Account","0","2","203000000000010809","2015-08-06 21:53:15.429000","TZS","false","","Holds the debits and credits created during the automated settlement of M-Pesa Revenue or Airtime","true","false","false","false","false","false","false","true","0","203000000000010811","2017-10-27 12:30:49.675000","2017-10-27 12:11:22.000000","true","true","true","50","1002|1006|1000|1000|1002|1006","937146068","1001"<endrec>
"1001","VAT Account","10033","V.A.T. Account","","2","203000000000011204","2015-08-10 11:42:28.107000","TZS","false","","Holds V.A.T. deducted from commission payments to 3rd party organisations","true","false","false","true","false","False","","false","0","203000000000011204","2015-08-10 11:42:36.315000","2015-08-10 11:42:36.315000","false","true","true","30","1002|1006|1000|1000|1002|1006","937148096","1001"<endrec>
"1001","Commission Received Account","10014","M-PESA Commission Received Account","","2","203000000000010806","2015-08-20 10:45:03.952000","TZS","false","","Total Commission received by the Service Provider","true","true","true","false","false","False","","true","0","203000000000010806","2015-08-20 11:37:54.251000","2015-08-20 11:37:54.251000","false","true","true","50","1002|1006|1000|1000|1002|1006","937150155","1001"<endrec>
"1001","Commission Received Account","10014","M-PESA Commission Received Account","","2","203000000000010806","2015-08-20 11:37:34.109000","TZS","false","","Total Commission received by the Service Provider","true","true","true","false","false","false","false","true","0","203000000000014909","2017-02-01 10:09:10.860000","2017-02-01 18:06:04.000000","false","false","true","50","1002|1006|1000|1000|1002|1006","937150156","1001"<endrec>
"1001","M-PESA Account","10011","M-PESA Account","","2","203000000000011204","2015-08-25 04:58:43.697000","TZS","true","","M-PESA working capital account","false","true","true","false","false","False","","false","0","203000000000010809","2015-11-02 18:06:09.851000","2015-11-02 18:06:12.000000","true","true","true","50","1002|1006|1007|1005|1000|1004|1000|1002|1006","937152128","1001"<endrec>
"1001","Commission Paid Account","10018","M-PESA Commission Paid Account","0","2","203000000000010806","2015-09-21 08:37:54.965000","TZS","false","","Total commission paid by the Service Provider","true","false","true","false","false","false","false","true","0","203000000000036503","2018-11-16 02:39:09.831000","2018-11-16 02:24:19.000000","false","true","true","50","1002|1006|1000|1000|1002|1006","937162204","1001"<endrec>
"1001","Bundle Purchase Account","21068","Bundle Purchase Account","","2","203000000000010809","2015-09-22 19:55:04.142000","TZS","false","","Receives payments for bundle purchases","true","false","true","false","false","False","","true","0","203000000000010809","2015-09-22 19:56:24.501000","2015-09-22 20:06:02.000000","true","false","false","60","1002|1006|1000|1000|1002|1006","937163208","1001"<endrec>
"1001","Savings Account","21079","Savings Account","","2","203000000000010809","2015-10-26 16:37:51.870000","TZS","true","","Savings Account","false","true","true","false","false","False","","false","0","203000000000010809","2015-10-26 16:55:12.444000","2015-10-26 16:55:51.000000","true","true","true","50","1002|1006|1007|1005|1000|1004|1000|1002|1006","937167371","1001"<endrec>
"1001","Savings Account","21079","Savings Account","","2","203000000000010809","2015-10-26 16:55:06.985000","TZS","true","","Savings Account","true","true","true","false","false","false","","false","0","203000000000015423","2016-08-09 08:43:41.562000","2016-08-09 08:43:10.000000","true","true","true","50","1002|1006|1007|1005|1000|1004|1000|1002|1006","937167376","1001"<endrec>
"1001","M-PESA Account","10011","M-PESA Account","","2","203000000000010809","2015-11-02 18:04:11.359000","TZS","true","","M-PESA working capital account","false","true","true","false","false","False","","false","1","203000000000010809","2016-03-03 13:40:02.537000","2016-03-03 13:40:22.000000","true","true","true","50","1002|1006|1007|1005|1000|1004|1000|1002|1006","937168321","1001"<endrec>
"1001","IBM Lite Account","21090","IBM Lite Account","","2","203000000000010811","2015-12-31 11:26:35.406000","TZS","true","","IBM Lite Working Account","false","true","true","false","false","False","","false","1","203000000000010811","2015-12-31 11:26:49.775000","2015-12-31 11:26:53.000000","false","true","false","30","1002|1006|1007|1005|1000|1004|1000|1002|1006","937178544","1001"<endrec>
"1001","IBM Lite Account","21090","IBM Lite Account","","2","203000000000010811","2015-12-31 11:35:54.171000","TZS","true","","IBM Lite Working Account","true","true","true","false","false","False","","false","1","203000000000010811","2015-12-31 11:35:54.171000","2015-12-31 11:35:58.000000","false","true","false","10","1002|1006|1007|1005|1000|1004|1000|1002|1006","937178547","1001"<endrec>
"1001","M-PESA Account","10011","M-PESA Account","","2","203000000000010809","2016-03-03 13:39:55.050000","TZS","true","","M-PESA working capital account","false","true","true","true","false","false","","false","0","203000000000013818","2016-04-29 17:58:47.029000","2016-04-29 17:57:51.000000","true","true","true","50","1002|1006|1007|1005|1000|1004|1000|1002|1006","937183514","1001"<endrec>
"1001","Group Savings Account","21101","Group Savings Account","","2","203000000000013818","2016-04-29 17:56:12.035000","TZS","false","","Group Savings Account","true","true","true","false","false","true","","false","0","203000000000010811","2016-08-11 08:55:52.667000","2016-08-11 08:55:21.000000","false","true","false","50","1002|1006|1007|1005|1000|1004|1000|1002|1006","937197795","1001"<endrec>
"1001","Group Loan Account","21102","Group Loan Account","","2","203000000000013818","2016-04-29 17:56:59.668000","TZS","false","","Group Loan Account","true","true","true","false","false","true","","false","0","203000000000014908","2016-07-27 13:39:29.353000","2016-07-27 13:39:00.000000","false","true","false","50","1002|1006|1007|1005|1000|1004|1000|1002|1006","937197796","1001"<endrec>
"1001","M-PESA Account","10011","M-PESA Account","","2","203000000000013818","2016-04-29 17:58:11.018000","TZS","true","","M-PESA working capital account","false","true","true","true","false","true","","false","0","203000000000013202","2016-05-10 04:46:48.976000","2016-05-10 04:45:50.000000","true","true","true","50","1002|1006|1007|1005|1000|1004|1000|1002|1006","937197797","1001"<endrec>
"1001","M-PESA Account","10011","M-PESA Account","","2","203000000000013202","2016-05-10 04:46:42.245000","TZS","true","","M-PESA working capital account","true","true","true","true","false","true","","false","0","203000000000013818","2016-06-17 01:37:06.544000","2016-06-16 17:36:42.000000","true","true","true","50","1002|1006|1007|1005|1000|1004|1000|1002|1006","937198568","1001"<endrec>
"1001","M-PESA Account","10011","M-PESA Account","","2","203000000000013818","2016-06-17 01:36:55.068000","TZS","true","","M-PESA working capital account","true","true","true","true","true","true","","false","0","203000000000010806","2016-07-21 12:05:23.846000","2016-07-21 12:04:55.000000","true","true","true","50","1002|1006|1007|1005|1000|1004|1000|1002|1006","937211549","1001"<endrec>
"1001","M-PESA Account","10011","M-PESA Account","","2","203000000000010806","2016-07-21 12:05:16.049000","TZS","true","","M-PESA working capital account","false","true","true","true","true","true","","false","0","203000000000010806","2016-07-22 12:10:27.443000","2016-07-22 12:09:59.000000","true","true","true","50","1002|1006|1007|1005|1000|1004|1000|1002|1006","937217566","1001"<endrec>
"1001","M-PESA Account","10011","M-PESA Account","","2","203000000000010806","2016-07-22 12:10:17.882000","TZS","true","","M-PESA working capital account","true","true","true","true","true","true","","false","0","203000000000013039","2016-07-25 13:57:56.951000","2016-07-25 13:57:28.000000","true","true","true","50","1002|1006|1007|1005|1000|1004|1000|1002|1006","937217578","1001"<endrec>
"1001","M-PESA Account","10011","M-PESA Account","","2","203000000000013039","2016-07-25 13:57:40.659000","TZS","true","","M-PESA working capital account","false","true","true","true","true","true","","false","0","203000000000014911","2016-07-28 15:40:29.146000","2016-07-28 15:40:00.000000","true","true","true","50","1002|1006|1007|1005|1000|1004|1000|1002|1006","937217605","1001"<endrec>
"1001","Group Loan Account","21102","Group Loan Account","","2","203000000000014908","2016-07-27 13:39:20.803000","TZS","false","","Group Loan Account","false","true","true","false","false","true","","false","0","203000000000014911","2016-08-12 14:13:45.652000","2016-08-12 14:13:14.000000","false","true","false","50","1002|1006|1007|1005|1000|1004|1000|1002|1006","937217669","1001"<endrec>
"1001","M-PESA Account","10011","M-PESA Account","","2","203000000000014911","2016-07-28 15:40:16.064000","TZS","true","","M-PESA working capital account","true","true","true","true","true","true","","false","0","203000000000010806","2016-08-05 13:00:36.510000","2016-08-05 13:00:06.000000","true","true","true","50","1002|1006|1007|1005|1000|1004|1000|1002|1006","937217720","1001"<endrec>
"1001","M-PESA Account","10011","M-PESA Account","","2","203000000000010806","2016-08-05 13:00:27.194000","TZS","true","","M-PESA working capital account","false","true","true","true","true","true","false","false","0","203000000000013818","2017-01-10 17:10:48.432000","2017-01-10 17:10:24.000000","true","true","true","50","1002|1006|1007|1005|1000|1004|1000|1002|1006","937218612","1001"<endrec>
"1001","Savings Account","21079","Savings Account","","2","203000000000015423","2016-08-09 08:43:31.466000","TZS","true","","Savings Account","false","true","true","false","false","false","","false","0","203000000000010806","2016-08-10 13:25:31.311000","2016-08-10 13:25:00.000000","true","true","true","50","1002|1006|1007|1005|1000|1004|1000|1002|1006","937218699","1001"<endrec>
"1001","Savings Account","21079","Savings Account","","2","203000000000010806","2016-08-10 13:25:21.018000","TZS","true","","Savings Account","true","true","true","false","false","false","","false","0","203000000000010806","2016-08-10 13:25:31.374000","2016-08-10 13:25:00.000000","true","true","true","30","1002|1006|1007|1005|1000|1004|1000|1002|1006","937218761","1001"<endrec>
"1001","Group Savings Account","21101","Group Savings Account","","2","203000000000010811","2016-08-11 08:55:44.828000","TZS","false","","Group Savings Account","false","true","true","false","false","true","false","false","0","203000000000014911","2016-11-28 13:10:52.149000","2016-11-28 13:10:39.000000","false","true","false","50","1002|1006|1007|1005|1000|1004|1000|1002|1006","937218799","1001"<endrec>
"1001","Group Loan Account","21102","Group Loan Account","","2","203000000000014911","2016-08-12 14:13:34.343000","TZS","false","","Group Loan Account","true","true","true","false","false","true","false","false","0","203000000000010811","2017-07-21 13:27:39.818000","2017-07-21 13:20:55.000000","false","true","false","50","1002|1006|1007|1005|1000|1004|1000|1002|1006","937218857","1001"<endrec>
"1001","Float Account","10013","Float Account","","2","203000000000010806","2016-08-18 12:45:26.756000","TZS","false","","The float account is used to carry out Agent operations such as deposit and withdrawal of funds","false","true","true","false","true","false","false","false","0","203000000000014909","2016-12-30 07:29:07.871000","2016-12-30 07:28:47.000000","true","true","false","50","1002|1006|1005|1000|1004|1000|1002|1006","937219082","1001"<endrec>
"1001","M-PESA Airtime Commission Account","21047","M-PESA Airtime Commission Account","","2","203000000000010806","2016-08-18 12:47:23.114000","TZS","false","","Holds the revenue the service provider earns from airtime purchases made through M-Pesa","false","true","true","false","true","false","","false","0","203000000000010806","2016-08-18 12:49:03.144000","2016-08-18 12:48:30.000000","false","true","true","50","1002|1006|1000|1004|1000|1002|1006","937219083","1001"<endrec>
"1001","M-PESA Airtime Commission Account","21047","M-PESA Airtime Commission Account","","2","203000000000010806","2016-08-18 12:48:56.640000","TZS","false","","Holds the revenue the service provider earns from airtime purchases made through M-Pesa","false","true","true","true","true","false","","false","0","203000000000010806","2016-08-18 12:49:03.158000","2016-08-18 12:48:30.000000","false","true","true","30","1002|1006|1000|1004|1000|1002|1006","937219084","1001"<endrec>
"1001","Test-R1","21113","Test-R1","","2","203000000000015728","2016-11-03 17:09:07.574000","TZS","false","","test","false","false","false","false","false","true","false","true","0","203000000000014909","2017-08-15 10:09:14.050000","2017-08-15 10:00:37.000000","false","false","true","50","1002|1006|1005|1000|1004|1000|1002|1006","937234552","1002"<endrec>
"1001","Org Float Account","21123","Org Float Account","","2","203000000000015423","2016-11-04 11:06:51.113000","TZS","false","","The float account is used to carry out FSI operations such as deposit and withdrawal of funds","false","true","true","false","true","false","false","false","0","203000000000015423","2016-11-04 11:20:21.552000","2016-11-04 11:20:13.000000","true","true","false","50","1002|1006|1005|1000|1004|1000|1002|1006","937235551","1001"<endrec>
"1001","Org Float Account","21123","Org Float Account","","2","203000000000015423","2016-11-04 11:20:12.529000","TZS","false","","The float account is used to carry out FSI operations such as deposit and withdrawal of funds","false","true","true","false","true","false","false","false","0","203000000000015423","2016-11-04 11:31:51.701000","2016-11-04 11:31:43.000000","true","true","false","60","1002|1006|1005|1000|1004|1000|1002|1006","937235553","1001"<endrec>
"1001","Group Savings Account","21101","Group Savings Account","","2","203000000000014911","2016-11-28 13:10:13.558000","TZS","false","","Group Savings Account","true","true","true","false","false","true","false","false","0","203000000000014911","2016-11-28 13:10:52.158000","2016-11-28 13:10:39.000000","false","true","false","30","1002|1006|1007|1005|1000|1004|1000|1002|1006","937243674","1001"<endrec>
"1001","Loyalty Point Consumer Account","21134","Loyalty Point Consumer Account","","2","203000000000013818","2016-12-21 10:39:39.586000","TZS","true","","","true","true","true","false","false","true","false","false","0","203000000000010806","2017-02-28 08:42:12.390000","2017-02-28 08:41:07.000000","true","true","false","50","1002|1006|1007|1005|1000|1004|1000|1002|1006","937250746","1003"<endrec>
"1001","Loyalty Point Provider Account","21135","Loyalty Point Provider Account","0","2","203000000000013818","2016-12-21 10:41:42.558000","TZS","false","","Loyalty Point Provider Account","true","true","true","false","false","false","true","true","1","203000000000010811","2017-11-13 15:15:53.116000","2017-11-13 14:55:08.000000","true","true","true","50","1002|1006|1005|1000|1004|1000|1002|1006","937250747","1003"<endrec>
"1001","Airtime Purchase Account","10027","Airtime Purchase Account","0","2","203000000000010811","2016-12-27 12:00:49.581000","TZS","false","","Receives payments for airtime purchases","false","false","true","false","false","false","false","true","0","203000000000010811","2017-11-03 13:44:33.397000","2017-11-03 13:24:34.000000","true","false","false","50","1002|1006|1000|1000|1002|1006","937253721","1001"<endrec>
"1001","Float Account","10013","Float Account","","2","203000000000014909","2016-12-30 07:28:57.617000","TZS","false","","The float account is used to carry out Agent operations such as deposit and withdrawal of funds","false","true","true","false","true","false","false","true","0","203000000000014909","2016-12-30 09:46:45.508000","2016-12-30 09:46:24.000000","true","false","false","50","1002|1006|1005|1000|1004|1000|1002|1006","937254687","1001"<endrec>
"1001","Float Account","10013","Float Account","","2","203000000000014909","2016-12-30 09:46:32.734000","TZS","false","","The float account is used to carry out Agent operations such as deposit and withdrawal of funds","false","true","true","false","true","false","false","true","0","203000000000014909","2017-02-01 14:21:55.800000","2017-02-01 22:18:48.000000","true","true","false","50","1002|1006|1005|1000|1004|1000|1002|1006","937254698","1001"<endrec>
"1001","M-PESA Account","10011","M-PESA Account","","2","203000000000013818","2017-01-10 17:10:33.376000","TZS","true","","M-PESA working capital account","true","true","true","true","true","true","false","false","0","203000000000013818","2017-01-10 17:17:27.993000","2017-01-10 17:17:04.000000","true","true","true","50","1002|1006|1007|1005|1000|1004|1000|1002|1006","937255704","1001"<endrec>
"1001","M-PESA Account","10011","M-PESA Account","","2","203000000000013818","2017-01-10 17:17:13.160000","TZS","true","","M-PESA working capital account","false","true","true","true","true","true","false","false","0","203000000000010806","2017-03-03 12:23:38.233000","2017-03-03 12:22:19.000000","true","true","true","50","1002|1006|1007|1005|1000|1004|1000|1002|1006","937255705","1001"<endrec>
"1001","SP FX Settlement Account","21144","SP FX Settlement Account","","2","203000000000013818","2017-01-23 17:13:14.087000","TZS","false","","SP FX Settlement Account","true","true","true","true","true","false","false","true","0","203000000000013818","2017-01-23 17:13:21.982000","2017-01-23 17:12:53.000000","false","true","true","30","1002|1006|1005|1000|1004|1000|1002|1006","937259684","1001"<endrec>
"1001","SP FX Pre-Funds Account","21145","SP FX Pre-Funds Account","","2","203000000000013818","2017-01-23 19:00:20.710000","TZS","false","","SP FX Pre-Funds Account","true","true","true","true","true","false","false","true","0","203000000000013818","2017-01-23 19:00:35.536000","2017-01-23 19:00:07.000000","false","true","true","30","1002|1006|1005|1000|1004|1000|1002|1006","937259687","1001"<endrec>
"1001","Commission Received Account","10014","M-PESA Commission Received Account","","2","203000000000014909","2017-02-01 10:09:03.121000","TZS","false","","Total Commission received by the Service Provider","true","true","true","false","false","false","false","true","0","203000000000010806","2017-02-01 12:28:53.277000","2017-02-01 20:25:46.000000","false","true","true","50","1002|1006|1000|1000|1002|1006","937262723","1001"<endrec>
"1001","Commission Received Account","10014","M-PESA Commission Received Account","","2","203000000000010806","2017-02-01 12:28:46.520000","TZS","false","","Total Commission received by the Service Provider","true","true","true","false","false","false","false","false","0","203000000000010806","2017-02-01 12:28:53.281000","2017-02-01 20:25:46.000000","false","true","true","50","1002|1006|1000|1000|1002|1006","937262735","1001"<endrec>
"1001","Float Account","10013","Float Account","","2","203000000000014909","2017-02-01 14:21:42.827000","TZS","false","","The float account is used to carry out Agent operations such as deposit and withdrawal of funds","false","true","true","false","true","false","false","false","0","203000000000016349","2017-02-09 08:44:28.637000","2017-02-09 16:40:43.000000","true","true","false","50","1002|1006|1005|1000|1004|1000|1002|1006","937262739","1001"<endrec>
"1001","Float Account","10013","Float Account","","2","203000000000016349","2017-02-09 08:43:59.960000","TZS","false","","The float account is used to carry out Agent operations such as deposit and withdrawal of funds","false","true","true","false","true","false","false","true","0","203000000000016349","2017-02-09 11:55:18.886000","2017-02-09 19:51:33.000000","true","false","false","50","1002|1006|1005|1000|1004|1000|1002|1006","937263698","1001"<endrec>
"1001","Float Account","10013","Float Account","","2","203000000000016349","2017-02-09 11:55:11.071000","TZS","false","","The float account is used to carry out Agent operations such as deposit and withdrawal of funds","false","true","true","false","true","false","false","true","0","203000000000016349","2017-02-09 11:56:43.992000","2017-02-09 19:52:58.000000","true","true","false","50","1002|1006|1005|1000|1004|1000|1002|1006","937263717","1001"<endrec>
"1001","Float Account","10013","Float Account","0","2","203000000000016349","2017-02-09 11:56:36.480000","TZS","false","","The float account is used to carry out Agent operations such as deposit and withdrawal of funds","false","true","true","false","true","false","false","false","0","203000000000016349","2018-03-07 12:44:41.335000","2018-03-07 12:37:34.000000","true","true","false","50","1002|1006|1005|1000|1004|1000|1002|1006","937263718","1001"<endrec>
"1001","LPCA","21134","Loyalty Point Consumer Account","","2","203000000000010806","2017-02-28 08:42:04.977000","TZS","true","","","true","true","true","false","false","true","false","false","0","203000000000010806","2017-02-28 08:45:08.118000","2017-02-28 08:44:03.000000","true","true","false","50","1002|1006|1007|1005|1000|1004|1000|1002|1006","937279874","1003"<endrec>
"1001","Loyalty Point Consumer Account","21134","Loyalty Point Consumer Account","","2","203000000000010806","2017-02-28 08:45:01.155000","TZS","true","","","true","true","true","false","false","true","false","false","0","203000000000011505","2017-03-28 10:50:16.487000","2017-03-28 10:47:03.000000","true","true","false","50","1002|1006|1007|1005|1000|1004|1000|1002|1006","937279875","1003"<endrec>
"1001","M-PESA Account","10011","M-PESA Account","","2","203000000000010806","2017-03-03 12:23:30.439000","TZS","true","","M-PESA working capital account","true","true","true","true","true","true","false","false","0","203000000000014909","2017-03-29 12:13:27.342000","2017-03-29 12:10:09.000000","true","true","true","50","1002|1006|1007|1005|1000|1004|1000|1002|1006","937280835","1001"<endrec>
"1001","LPCA","21134","Loyalty Point Consumer Account","0","2","203000000000011505","2017-03-28 10:50:09.460000","TZS","true","","","true","true","true","false","false","true","false","false","0","203000000000036503","2018-12-06 03:37:35.134000","2018-12-06 03:21:12.000000","true","true","false","50","1002|1006|1007|1005|1000|1004|1000|1002|1006","937302822","1003"<endrec>
"1001","M-PESA Account","10011","M-PESA Account","","2","203000000000014909","2017-03-29 12:13:20.474000","TZS","true","","M-PESA working capital account","true","true","true","true","true","true","false","false","0","203000000000013039","2017-04-03 23:10:37.135000","2017-04-03 15:06:56.000000","true","true","true","50","1002|1006|1007|1005|1000|1004|1000|1002|1006","937302915","1001"<endrec>
"1001","Bank Settlement Account","21156","Bank Settlement Account","","2","203000000000013818","2017-03-29 19:43:18.150000","TZS","false","","Bank Settlement Account","false","false","false","false","false","false","false","false","0","203000000000013818","2017-03-29 19:43:51.362000","2017-03-29 19:40:32.000000","true","true","false","30","1002|1006|1005|1000|1004|1000|1002|1006","937303825","1001"<endrec>
"1001","Loyalty Point Provider Account 01","21166","Loyalty Point Provider Account 01","","2","203000000000021013","2017-03-31 05:00:36.290000","TZS","false","","","true","true","true","false","false","false","false","true","1","203000000000021013","2017-04-27 13:13:10.136000","2017-04-27 13:12:54.000000","true","true","false","50","1002|1006|1005|1000|1004|1000|1002|1006","937305823","1003"<endrec>
"1001","Bank Transfer account","21177","Bank Transfer account","0","2","203000000000013818","2017-04-01 04:19:50.364000","TZS","false","","Bank Transfer account","false","false","false","false","false","false","false","true","0","203000000000010811","2017-12-05 09:07:27.347000","2017-12-05 09:07:14.000000","true","false","false","50","1002|1006|1005|1000|1004|1000|1002|1006","937306870","1001"<endrec>
"1001","M-PESA Account","10011","M-PESA Account","","2","203000000000013039","2017-04-03 23:10:12.899000","TZS","true","","M-PESA working capital account","false","true","true","true","true","true","false","false","0","203000000000021013","2017-04-17 21:17:12.037000","2017-04-17 13:12:27.000000","true","true","true","50","1002|1006|1007|1005|1000|1004|1000|1002|1006","937308885","1001"<endrec>
"1001","AutoTest","21188","AutoTest","","2","203000000000015719","2017-04-17 17:35:53.815000","TZS","true","","","false","false","false","false","false","false","false","true","0","203000000000015719","2017-04-17 17:38:41.954000","2017-04-17 09:33:58.000000","false","false","false","50","1002|1006|1005|1000|1004|1000|1002|1006","937322881","1002"<endrec>
"1001","AutoTest","21188","AutoTest","","2","203000000000015719","2017-04-17 17:38:19.850000","TZS","true","","","false","false","false","false","false","false","false","true","0","203000000000015719","2017-04-17 17:41:40.810000","2017-04-17 09:36:57.000000","false","false","false","50","1002|1006|1005|1000|1004|1000|1002|1006","937322882","1001"<endrec>
"1001","AutoTest","21188","AutoTest","","2","203000000000015719","2017-04-17 17:41:06.814000","TZS","true","","","false","false","false","false","false","false","false","true","0","203000000000015719","2017-04-17 17:44:14.365000","2017-04-17 09:39:30.000000","false","true","false","50","1002|1006|1005|1000|1004|1000|1002|1006","937322883","1001"<endrec>
"1001","AutoTest","21188","AutoTest","","2","203000000000015719","2017-04-17 17:43:46.853000","TZS","true","","","false","true","true","true","true","false","false","false","0","203000000000015719","2017-04-17 17:45:47.762000","2017-04-17 09:41:04.000000","false","true","false","50","1002|1006|1007|1005|1000|1004|1000|1002|1006","937322884","1001"<endrec>
"1001","AutoTest","21188","AutoTest","","2","203000000000015719","2017-04-17 17:45:31.325000","TZS","true","","","false","true","true","true","true","true","false","false","0","203000000000014909","2017-08-15 10:06:29.814000","2017-08-15 09:57:52.000000","true","true","true","50","1002|1006|1007|1005|1000|1004|1000|1002|1006","937322885","1001"<endrec>
"1001","M-PESA Account","10011","M-PESA Account","","2","203000000000021013","2017-04-17 21:17:03.400000","TZS","true","","M-PESA working capital account","true","true","true","true","true","true","false","false","0","203000000000013039","2017-04-24 14:27:40.115000","2017-04-24 14:22:33.000000","true","true","true","50","1002|1006|1007|1005|1000|1004|1000|1002|1006","937323873","1001"<endrec>
"1001","M-PESA Account","10011","M-PESA Account","","2","203000000000013039","2017-04-24 14:25:34.109000","TZS","true","","M-PESA working capital account","false","true","true","true","true","true","false","false","0","203000000000014911","2017-06-22 11:36:47.754000","2017-06-22 11:32:16.000000","true","true","true","50","1002|1006|1007|1005|1000|1004|1000|1002|1006","937327922","1001"<endrec>
"1001","Loyalty Point Provider Account 01","21166","Loyalty Point Provider Account 01","0","2","203000000000021013","2017-04-27 13:12:52.770000","TZS","false","","","true","true","true","false","false","false","true","true","1","203000000000025034","2018-02-28 09:24:18.496000","2018-02-28 09:17:44.000000","true","true","true","60","1002|1006|1005|1000|1004|1000|1002|1006","937329935","1003"<endrec>
"1001","M-PESA Account","10011","M-PESA Account","","2","203000000000014911","2017-06-22 11:36:37.713000","TZS","true","","M-PESA working capital account","true","true","true","true","true","true","false","false","0","203000000000013039","2017-07-05 14:55:16.968000","2017-07-05 14:49:45.000000","true","true","true","50","1002|1006|1007|1005|1000|1004|1000|1002|1006","937364026","1001"<endrec>
"1001","M-PESA Account","10011","M-PESA Account","","2","203000000000013039","2017-07-05 14:53:02.994000","TZS","true","","M-PESA working capital account","false","true","true","true","true","true","false","false","0","203000000000014911","2017-07-17 12:38:39.552000","2017-07-17 12:32:13.000000","true","true","true","50","1002|1006|1007|1005|1000|1004|1000|1002|1006","937371646","1001"<endrec>
"1001","M-PESA Account","10011","M-PESA Account","","2","203000000000014911","2017-07-17 12:38:16.424000","TZS","true","","M-PESA working capital account","true","true","true","true","true","true","false","false","0","203000000000013039","2017-07-19 12:23:29.556000","2017-07-19 12:16:54.000000","true","true","true","50","1002|1006|1007|1005|1000|1004|1000|1002|1006","937375527","1001"<endrec>
"1001","M-PESA Account","10011","M-PESA Account","","2","203000000000013039","2017-07-19 12:21:25.038000","TZS","true","","M-PESA working capital account","false","true","true","true","true","true","false","false","0","203000000000013039","2017-07-19 12:26:49.027000","2017-07-19 12:20:14.000000","true","true","true","50","1002|1006|1007|1005|1000|1004|1000|1002|1006","937376542","1001"<endrec>
"1001","M-PESA Account","10011","M-PESA Account","","2","203000000000013039","2017-07-19 12:26:34.475000","TZS","true","","M-PESA working capital account","true","true","true","true","true","true","false","false","0","203000000000013039","2017-07-20 11:19:35.169000","2017-07-20 11:12:55.000000","true","true","true","50","1002|1006|1007|1005|1000|1004|1000|1002|1006","937376543","1001"<endrec>
"1001","M-PESA Account","10011","M-PESA Account","","2","203000000000013039","2017-07-20 11:19:12.886000","TZS","true","","M-PESA working capital account","false","true","true","true","true","true","false","false","0","203000000000014911","2017-08-21 06:30:22.082000","2017-08-21 06:15:59.000000","true","true","true","50","1002|1006|1007|1005|1000|1004|1000|1002|1006","937376589","1001"<endrec>
"1001","andy test for simona","21199","andy test for simona","","2","203000000000013818","2017-07-20 18:32:48.198000","TZS","true","","andy test for simona","false","false","false","false","false","false","false","true","0","203000000000013818","2017-08-24 15:49:43.224000","2017-08-24 15:35:05.000000","false","false","false","50","1002|1006|1005|1000|1004|1000|1002|1006","937376606","1001"<endrec>
"1001","Group Loan Account","21102","Group Loan Account","","2","203000000000010811","2017-07-21 13:27:23.825000","TZS","false","","Group Loan Account","false","true","true","false","false","true","false","false","0","203000000000010811","2017-08-07 14:47:54.838000","2017-08-07 14:39:53.000000","false","true","false","50","1002|1006|1007|1005|1000|1004|1000|1002|1006","937376659","1001"<endrec>
"1001","V.A.T. Paid Account","21046","V.A.T. Paid Account","","1","203000000000014911","2017-08-02 15:07:04.212000","TZS","false","","Holds V.A.T. deducted from commission payments to 3rd party organisations","false","false","false","false","true","false","false","true","0","203000000000014911","2017-08-02 15:07:14.380000","2017-08-02 14:59:35.000000","false","true","true","30","1002|1006|1000|1004|1000|1002|1006","937380533","1001"<endrec>
"1001","Group Loan Account","21102","Group Loan Account","","2","203000000000010811","2017-08-07 14:47:47.696000","TZS","false","","Group Loan Account","true","true","true","false","false","true","false","false","0","203000000000010811","2017-08-07 14:47:54.847000","2017-08-07 14:39:53.000000","false","true","false","30","1002|1006|1007|1005|1000|1004|1000|1002|1006","937381571","1001"<endrec>
"1001","AutoTest","21188","AutoTest","","2","203000000000014909","2017-08-15 10:06:22.158000","TZS","true","","","false","true","true","true","true","true","false","true","0","203000000000013818","2017-08-24 15:34:33.144000","2017-08-24 15:19:55.000000","true","false","true","50","1002|1006|1005|1000|1004|1000|1002|1006","937389585","1003"<endrec>
"1001","Test-R1","21113","Test-R1","","2","203000000000014909","2017-08-15 10:09:06.831000","TZS","false","","test","false","false","false","false","false","true","false","true","0","203000000000014909","2017-08-15 10:09:14.056000","2017-08-15 10:00:37.000000","false","false","true","30","1002|1006|1005|1000|1004|1000|1002|1006","937389586","1003"<endrec>
"1001","M-PESA Account","10011","M-PESA Account","0","2","203000000000014911","2017-08-21 06:30:09.101000","TZS","true","","M-PESA working capital account","true","true","true","true","true","true","false","false","0","203000000000015423","2018-03-19 08:06:51.011000","2018-03-19 07:58:49.000000","true","true","true","50","1002|1006|1007|1005|1000|1004|1000|1002|1006","937392624","1001"<endrec>
"1001","AutoTest","21188","AutoTest","","2","203000000000013818","2017-08-24 15:34:17.667000","TZS","true","","","false","true","true","true","true","true","false","true","0","203000000000019121","2017-08-28 14:05:15.168000","2017-08-28 13:50:19.000000","true","false","true","50","1002|1006|1005|1000|1004|1000|1002|1006","937392788","1001"<endrec>
"1001","andy test for simona","21199","andy test for simona","0","2","203000000000013818","2017-08-24 15:49:30.213000","TZS","true","","andy test for simona","false","false","false","false","false","false","false","true","0","203000000000010811","2017-10-25 10:22:12.590000","2017-10-25 10:02:55.000000","false","true","false","50","1002|1006|1005|1000|1004|1000|1002|1006","937392791","1001"<endrec>
"1001","AutoTest","21188","AutoTest","","2","203000000000019121","2017-08-28 14:05:03.620000","TZS","true","","","false","true","true","true","true","true","false","true","0","203000000000014909","2017-08-29 09:05:12.738000","2017-08-29 08:50:13.000000","true","false","true","50","1002|1006|1005|1000|1004|1000|1002|1006","937392896","1002"<endrec>
"1001","AutoTest","21188","AutoTest","","2","203000000000014909","2017-08-29 09:04:48.506000","TZS","true","","","false","true","true","true","true","true","false","true","0","203000000000014909","2017-08-29 10:34:17.389000","2017-08-29 10:19:18.000000","true","false","true","50","1002|1006|1005|1000|1004|1000|1002|1006","937393924","1001"<endrec>
"1001","AutoTest","21188","AutoTest","0","2","203000000000014909","2017-08-29 10:34:07.943000","TZS","true","","","false","true","true","true","true","true","false","true","0","203000000000025034","2018-02-26 05:25:08.745000","2018-02-26 05:18:44.000000","true","false","true","50","1002|1006|1005|1000|1004|1000|1002|1006","937393930","1002"<endrec>
"1001","Financial Services Account","10017","Financial Services Account","0","2","203000000000019121","2017-09-25 08:03:43.000000","TZS","false","","Used by Financial Institutions for credit and savings client transactions","false","false","true","false","false","false","false","false","0","203000000000019121","2017-09-25 08:03:50.095000","2017-09-25 07:46:49.000000","true","true","false","30","1002|1006|1005|1000|1004|1000|1002|1006","937414087","1001"<endrec>
"1003","Control Account","10001","Control Account","0","1","203000000000010806","2017-10-05 13:41:41.000000","TZS","false","","Control Account that reflects the trust bank account","true","false","false","false","false","false","false","true","0","203000000000010806","2017-10-05 13:41:48.491000","2017-10-05 13:24:01.000000","false","true","true","30","1002|1006|1000|1000|1002|1006","937415264","1001"<endrec>
"1001","andy test for simona","21199","andy test for simona","0","2","203000000000010811","2017-10-25 10:20:28.000000","TZS","true","","andy test for simona","true","false","false","false","false","false","false","true","0","203000000000028306","2017-11-29 08:33:23.382000","2017-11-29 08:11:27.000000","false","true","false","50","1002|1006|1005|1000|1004|1000|1002|1006","937420134","1001"<endrec>
"1001","Settlement Account","10089","Settlement Account","0","2","203000000000010811","2017-10-27 12:30:42.000000","TZS","false","","Holds the debits and credits created during the automated settlement of M-Pesa Revenue or Airtime","true","false","false","false","false","false","false","false","0","203000000000015728","2017-12-29 09:55:40.069000","2017-12-29 09:53:45.000000","true","true","true","50","1002|1006|1000|1000|1002|1006","937421135","1001"<endrec>
"1001","Airtime Purchase Account","10027","Airtime Purchase Account","0","2","203000000000010811","2017-11-03 13:44:17.000000","TZS","false","","Receives payments for airtime purchases","false","false","true","false","false","false","false","true","0","203000000000010811","2017-11-03 13:44:33.423000","2017-11-03 13:24:34.000000","true","true","false","30","1002|1006|1000|1000|1002|1006","937423134","1001"<endrec>
"1001","Loyalty Point Provider Account","21135","Loyalty Point Provider Account","0","2","203000000000010811","2017-11-13 15:15:44.000000","TZS","false","","Loyalty Point Provider Account","true","true","true","false","false","false","true","true","1","203000000000028306","2017-11-14 03:59:52.514000","2017-11-14 03:39:05.000000","true","true","true","50","1002|1006|1005|1000|1004|1000|1002|1006","937426198","1002"<endrec>
"1001","Loyalty Point Provider Account","21135","Loyalty Point Provider Account","0","2","203000000000028306","2017-11-14 03:59:45.000000","TZS","false","","Loyalty Point Provider Account","true","true","true","false","false","false","true","true","1","203000000000028306","2017-11-14 03:59:52.520000","2017-11-14 03:39:05.000000","true","true","true","30","1002|1006|1005|1000|1004|1000|1002|1006","937427139","1003"<endrec>
"1001","andy test for simona","21199","andy test for simona","0","2","203000000000028306","2017-11-29 08:33:14.000000","TZS","true","","andy test for simona","true","false","false","false","false","false","false","true","0","203000000000028306","2017-11-29 08:33:23.395000","2017-11-29 08:11:27.000000","false","true","false","30","1002|1006|1007|1005|1000|1004|1000|1002|1006","937433164","1001"<endrec>
"1001","Bank Transfer account","21177","Bank Transfer account","0","2","203000000000010811","2017-12-05 09:07:18.000000","TZS","false","","Bank Transfer account","false","false","false","false","false","false","false","true","0","203000000000010811","2018-05-14 12:10:13.950000","2018-05-14 12:09:53.000000","true","true","false","50","1002|1006|1005|1000|1004|1000|1002|1006","937435143","1001"<endrec>
"1001","Settlement Account","10089","Settlement Account","0","2","203000000000015728","2017-12-29 09:55:29.000000","TZS","false","","Holds the debits and credits created during the automated settlement of M-Pesa Revenue or Airtime","true","false","false","false","false","false","false","true","0","203000000000010806","2018-06-01 13:45:49.024000","2018-06-01 13:44:06.000000","true","true","true","50","1002|1006|1000|1000|1002|1006","937447257","1001"<endrec>
"1001","AutoTest","21188","AutoTest","0","2","203000000000025034","2018-02-26 05:25:02.000000","TZS","true","N","ddd","false","true","true","true","true","true","false","true","0","203000000000025034","2018-02-26 05:25:08.765000","2018-02-26 05:18:44.000000","true","false","true","30","1002|1006|1005|1000|1004|1000|1002|1006","937464315","1002"<endrec>
"1001","1122","21220","1122","0","2","203000000000024612","2018-03-05 09:18:55.000000","TZS","true","","","false","false","false","false","false","false","true","true","0","203000000000024612","2018-03-12 07:42:14.060000","2018-03-12 07:34:44.000000","false","false","false","50","1002|1006|1005|1000|1004|1000|1002|1006","937465506","1003"<endrec>
"1001","6131retest","21221","6131retest","0","2","203000000000010806","2018-03-05 11:30:16.000000","TZS","true","","6131retest","false","false","false","false","false","false","false","true","0","203000000000024612","2018-03-12 07:44:09.878000","2018-03-12 07:36:40.000000","false","false","false","50","1002|1006|1005|1000|1004|1000|1002|1006","937465516","1003"<endrec>
"1001","Float Account","10013","Float Account","0","2","203000000000016349","2018-03-07 12:44:31.000000","TZS","false","N","The float account is used to carry out Agent operations such as deposit and withdrawal of funds","false","true","true","false","true","false","false","true","0","203000000000014909","2018-03-21 13:25:12.178000","2018-03-21 13:17:00.000000","true","false","false","50","1002|1006|1005|1000|1004|1000|1002|1006","937467557","1001"<endrec>
"1001","1122","21220","1122","0","2","203000000000024612","2018-03-12 07:42:05.000000","TZS","true","","","true","false","false","false","false","false","true","true","0","203000000000024612","2018-03-12 07:42:14.074000","2018-03-12 07:34:44.000000","false","false","false","30","1002|1006|1005|1000|1004|1000|1002|1006","937468555","1003"<endrec>
"1001","6131retest","21221","6131retest","0","2","203000000000024612","2018-03-12 07:43:17.000000","TZS","true","","6131retest","true","false","false","false","false","false","false","true","0","203000000000024612","2018-03-12 07:44:09.885000","2018-03-12 07:36:40.000000","false","false","false","30","1002|1006|1005|1000|1004|1000|1002|1006","937468557","1003"<endrec>
"1001","M-PESA Account","10011","M-PESA Account","0","2","203000000000015423","2018-03-19 08:06:42.000000","TZS","true","","M-PESA working capital account","false","true","true","true","true","true","false","false","0","203000000000015423","2018-03-19 08:06:51.017000","2018-03-19 07:58:49.000000","true","true","true","50","1002|1006|1007|1005|1000|1004|1000|1002|1006","937469630","1001"<endrec>
"1001","Float Account","10013","Float Account","0","2","203000000000014909","2018-03-21 13:25:03.000000","TZS","false","","The float account is used to carry out Agent operations such as deposit and withdrawal of funds","false","true","true","false","true","false","false","true","0","203000000000014911","2018-03-26 08:28:23.948000","2018-03-26 08:19:50.000000","true","true","false","50","1002|1006|1005|1000|1004|1000|1002|1006","937470658","1001"<endrec>
"1001","Float Account","10013","Float Account","0","2","203000000000014911","2018-03-26 08:28:11.000000","TZS","false","","The float account is used to carry out Agent operations such as deposit and withdrawal of funds","false","true","true","false","true","false","false","false","0","203000000000010806","2018-10-09 12:34:27.329000","2018-10-09 12:22:30.000000","true","true","false","50","1002|1006|1005|1000|1004|1000|1002|1006","937470764","1001"<endrec>
"1001","Bank Transfer account","21177","Bank Transfer account","0","2","203000000000010811","2018-05-14 12:10:06.000000","TZS","false","","Bank Transfer account","true","false","false","false","false","false","false","true","0","203000000000010811","2018-05-14 12:10:13.960000","2018-05-14 12:09:53.000000","true","true","false","30","1002|1006|1005|1000|1004|1000|1002|1006","937489611","1001"<endrec>
"1001","Settlement Account","10089","Settlement Account","0","2","203000000000010806","2018-06-01 13:45:41.000000","TZS","false","","Holds the debits and credits created during the automated settlement of M-Pesa Revenue or Airtime","true","false","false","false","false","false","false","false","0","203000000000034103","2018-06-11 10:58:16.323000","2018-06-11 10:55:48.000000","true","true","true","50","1002|1006|1000|1000|1002|1006","937498741","1001"<endrec>
"1001","Settlement Account","10089","Settlement Account","0","2","203000000000034103","2018-06-11 10:58:05.000000","TZS","false","","Holds the debits and credits created during the automated settlement of M-Pesa Revenue or Airtime","true","false","false","false","false","false","false","true","0","203000000000014911","2018-06-22 08:52:15.307000","2018-06-22 08:48:57.000000","true","true","true","50","1002|1006|1000|1000|1002|1006","937509729","1001"<endrec>
"1001","Settlement Account","10089","Settlement Account","0","2","203000000000014911","2018-06-22 08:51:58.000000","TZS","false","","Holds the debits and credits created during the automated settlement of M-Pesa Revenue or Airtime","true","false","false","false","false","false","false","false","0","203000000000036803","2018-09-25 12:35:57.579000","2018-09-25 04:30:01.000000","true","true","true","50","1002|1006|1000|1000|1002|1006","937510233","1001"<endrec>
"1001","SP Holding Account","21232","SP Holding Account","0","2","203000000000034206","2018-07-24 09:55:15.000000","TZS","false","","","true","false","false","false","false","false","false","false","0","203000000000034206","2018-07-24 09:55:25.228000","2018-07-24 09:49:40.000000","false","true","true","30","1002|1006|1000|1000|1002|1006","937514919","1001"<endrec>
"1001","SP Unclaimed Account","21233","SP Unclaimed Account","0","2","203000000000034206","2018-07-24 09:56:27.000000","TZS","false","","","true","false","false","false","false","false","false","false","0","203000000000034206","2018-07-24 09:56:42.186000","2018-07-24 09:50:57.000000","false","true","true","30","1002|1006|1000|1000|1002|1006","937514920","1001"<endrec>
"1001","Settlement Account","10089","Settlement Account","0","2","203000000000036803","2018-09-25 12:35:46.000000","TZS","false","","Holds the debits and credits created during the automated settlement of M-Pesa Revenue or Airtime","true","false","false","false","false","false","false","true","0","203000000000014911","2018-12-04 08:15:11.734000","2018-12-04 07:58:57.000000","true","true","true","50","1002|1006|1000|1000|1002|1006","937532915","1001"<endrec>
"1001","Float Account For Organization","10013","Float Account","0","2","203000000000010806","2018-10-09 12:34:17.000000","TZS","false","","The float account is used to carry out Agent operations such as deposit and withdrawal of funds","false","true","true","false","true","false","false","false","0","203000000000010806","2018-10-09 12:35:44.221000","2018-10-09 12:23:47.000000","true","true","false","50","1002|1006|1005|1000|1004|1000|1002|1006","937536752","1001"<endrec>
"1001","Float Account","10013","Float Account","0","2","203000000000010806","2018-10-09 12:35:36.000000","TZS","false","","The float account is used to carry out Agent operations such as deposit and withdrawal of funds","false","true","true","false","true","false","false","false","0","203000000000014911","2019-10-08 10:28:13.581000","2019-10-08 10:19:36.000000","true","true","false","50","1002|1006|1005|1000|1004|1000|1002|1006","937536753","1001"<endrec>
"1001","Org Commission Received Account","21242","Org Commission Received Account","0","2","203000000000036503","2018-10-26 05:58:28.000000","TZS","false","","","false","true","false","false","false","false","false","false","1","203000000000036503","2018-11-16 02:37:23.303000","2018-11-16 02:22:33.000000","true","true","false","50","1002|1006|1007|1005|1000|1004|1000|1002|1006","937539861","1001"<endrec>
"1001","Org Commission Received Account","21242","Org Commission Received Account","0","2","203000000000036503","2018-11-16 02:37:11.000000","TZS","false","","","true","true","true","true","true","false","false","false","1","203000000000036503","2018-11-16 02:37:23.314000","2018-11-16 02:22:33.000000","true","true","false","30","1002|1006|1007|1005|1000|1004|1000|1002|1006","937544848","1001"<endrec>
"1001","Commission Paid Account","10018","M-PESA Commission Paid Account","0","2","203000000000036503","2018-11-16 02:39:01.000000","TZS","false","","Total commission paid by the Service Provider","true","false","true","false","false","false","false","true","1","203000000000036503","2018-11-16 02:39:09.858000","2018-11-16 02:24:19.000000","false","true","true","50","1002|1006|1000|1000|1002|1006","937544849","1001"<endrec>
"1001","Settlement Account","10089","Settlement Account","0","2","203000000000014911","2018-12-04 08:15:02.000000","TZS","false","","Holds the debits and credits created during the automated settlement of M-Pesa Revenue or Airtime","true","false","false","false","false","false","false","false","0","203000000000014911","2018-12-04 08:19:03.494000","2018-12-04 08:02:49.000000","true","true","true","50","1002|1006|1000|1000|1002|1006","937549809","1001"<endrec>
"1001","Settlement Account","10089","Settlement Account","0","2","203000000000014911","2018-12-04 08:17:22.000000","TZS","false","","Holds the debits and credits created during the automated settlement of M-Pesa Revenue or Airtime","true","false","false","false","false","false","false","true","0","203000000000014911","2018-12-04 08:19:03.499000","2018-12-04 08:02:49.000000","true","true","true","30","1002|1006|1000|1000|1002|1006","937549810","1001"<endrec>
"1001","Loyalty Point Provider Account 02","21252","Loyalty Point Provider Account 02","0","1","203000000000036503","2018-12-05 03:37:16.000000","TZS","false","","Loyalty Point Provider Account 02","true","true","true","false","false","false","true","true","1","203000000000036503","2018-12-05 03:37:53.147000","2018-12-05 03:21:35.000000","true","true","true","30","1002|1006|1007|1005|1000|1004|1000|1002|1006","937550747","1003"<endrec>
"1001","LPCA","21134","Loyalty Point Consumer Account","0","2","203000000000036503","2018-12-06 03:37:27.000000","TZS","true","","","true","true","true","false","false","true","false","false","0","203000000000036503","2018-12-06 04:56:56.393000","2018-12-06 04:40:33.000000","true","true","true","50","1002|1006|1007|1005|1000|1004|1000|1002|1006","937551749","1003"<endrec>
"1001","LPCA","21134","Loyalty Point Consumer Account","0","2","203000000000036503","2018-12-06 04:56:46.000000","TZS","true","","","true","true","true","false","false","true","false","false","1","203000000000036503","2018-12-06 08:50:57.356000","2018-12-06 08:34:34.000000","true","true","true","50","1002|1006|1007|1005|1000|1004|1000|1002|1006","937551751","1003"<endrec>
"1001","LPCA","21134","Loyalty Point Consumer Account","0","2","203000000000036503","2018-12-06 08:50:49.000000","TZS","true","","","true","true","true","false","false","true","false","false","1","203000000000036503","2018-12-06 08:50:57.369000","2018-12-06 08:34:34.000000","true","true","true","30","1002|1006|1007|1005|1000|1004|1000|1002|1006","937551757","1003"<endrec>
"1001","Float Account","10013","Float Account","0","2","203000000000014911","2019-10-08 10:28:05.000000","TZS","false","N","The float account is used to carry out Agent operations such as deposit and withdrawal of funds","false","true","true","false","true","false","false","true","0","203000000000014911","2019-10-08 10:40:55.020000","2019-10-08 10:32:18.000000","true","false","false","50","1002|1006|1005|1000|1004|1000|1002|1006","937664990","1001"<endrec>
"1001","Float Account","10013","Float Account","0","2","203000000000014911","2019-10-08 10:40:43.000000","TZS","false","","The float account is used to carry out Agent operations such as deposit and withdrawal of funds","false","true","true","false","true","false","false","true","0","203000000000026611","2019-10-09 11:33:09.350000","2019-10-09 11:24:27.000000","true","true","false","50","1002|1006|1005|1000|1004|1000|1002|1006","937664991","1001"<endrec>
"1001","Float Account","10013","Float Account","0","2","203000000000026611","2019-10-09 11:33:01.000000","TZS","false","","The float account is used to carry out Agent operations such as deposit and withdrawal of funds","false","true","true","false","true","false","false","false","0","203000000000026611","2019-10-09 12:24:32.125000","2019-10-09 12:15:50.000000","true","true","false","50","1002|1006|1005|1000|1004|1000|1002|1006","937665042","1001"<endrec>
"1001","Float Account","10013","Float Account","0","2","203000000000026611","2019-10-09 12:24:12.000000","TZS","false","","The float account is used to carry out Agent operations such as deposit and withdrawal of funds","false","true","true","false","true","false","false","true","0","203000000000019121","2019-10-14 10:31:59.822000","2019-10-14 10:22:54.000000","true","true","false","50","1002|1006|1005|1000|1004|1000|1002|1006","937665048","1001"<endrec>
"1001","Float Account","10013","Float Account","0","2","203000000000019121","2019-10-14 10:31:51.000000","TZS","false","N","The float account is used to carry out Agent operations such as deposit and withdrawal of funds","false","true","true","false","true","false","false","true","0","203000000000019121","2019-10-14 11:09:11.733000","2019-10-14 11:00:05.000000","true","false","false","50","1002|1006|1005|1000|1004|1000|1002|1006","937665086","1001"<endrec>
"1001","Float Account","10013","Float Account","0","2","203000000000019121","2019-10-14 11:09:04.000000","TZS","false","","The float account is used to carry out Agent operations such as deposit and withdrawal of funds","false","true","true","false","true","false","false","true","0","203000000000010811","2019-11-18 14:04:02.228000","2019-11-18 13:52:07.000000","true","true","false","50","1002|1006|1005|1000|1004|1000|1002|1006","937665088","1001"<endrec>
"1001","Float Account","10013","Float Account","0","2","203000000000010811","2019-11-18 14:03:53.000000","TZS","false","","The float account is used to carry out Agent operations such as deposit and withdrawal of funds","false","true","true","false","true","false","false","false","0","203000000000010811","2019-11-18 14:04:02.248000","2019-11-18 13:52:07.000000","true","true","false","30","1002|1006|1005|1000|1004|1000|1002|1006","937665162","1001"<endrec>
"1001","Commission Paid Account","10018","M-PESA Commission Paid Account","0","2","203000000000036503","2018-11-16 02:39:01.000000","TZS","false","","Total commission paid by the Service Provider","true","false","true","false","false","false","false","true","1","203000000000036503","2018-11-16 02:39:09.858000","2018-11-16 02:24:19.000000","false","true","true","30","1002|1006|1000|1000|1002|1006","937683809","1001"<endrec>
"1001","M-PESA Account","10011","M-PESA Account","0","2","203000000000015423","2018-03-19 08:06:42.000000","TZS","true","","M-PESA working capital account","false","true","true","true","true","true","false","false","0","203000000000015423","2018-03-19 08:06:51.017000","2018-03-19 07:58:49.000000","true","true","true","30","1002|1006|1007|1005|1000|1004|1000|1002|1006","937683810","1001"<endrec>
"1001","Commission Received Account","10014","M-PESA Commission Received Account","","2","203000000000010806","2017-02-01 12:28:46.520000","TZS","false","","Total Commission received by the Service Provider","true","true","true","false","false","false","false","false","0","203000000000010806","2017-02-01 12:28:53.281000","2017-02-01 20:25:46.000000","false","true","true","30","1002|1006|1000|1000|1002|1006","937683811","1001"<endrec>
"1001","M-PESA Commission Payable Account","10020","M-PESA Commission Payable Account","","2","203000000000010002","2014-03-12 17:59:42.979000","TZS","false","","Holding account for liable commission payments used in transactions such as Send Money/Give Cash","true","true","true","false","false","False","","false","0","203000000000010036","2014-08-26 10:10:32.119000","2014-08-26 10:10:32.119000","false","true","true","30","1000|1002|1006","937683812","1001"<endrec>
