BAND_BEGIN,BAND_END,RATE,SAVING_PLAN_ID,UNIQUE_ID                                                                                                                                                                                                                                                                                                                                                                                                                                                                                                                                                                                                                                                                                                                                                                                                                                                                                                                                                                                       <endrec>
"0","2500000000","1000","937294828","937294829"<endrec>
"0","5000000","1000","937332917","937332918"<endrec>
"0","5000000","1000","937332925","937332926"<endrec>
"0","100000000","300","937340962","937340963"<endrec>
"0","2500000000","1000","937340965","937340966"<endrec>
"0","100000000","300","937340967","937340968"<endrec>
"50000","10000000","136","937342875","937342876"<endrec>
"0","5000000","1000","937342882","937342883"<endrec>
"0","5000000","1000","937342887","937342888"<endrec>
"0","5000000","1000","937343881","937343882"<endrec>
"0","5000000","1000","937343887","937343888"<endrec>
"0","5000000","1000","937343902","937343903"<endrec>
"0","5000000","1000","937343915","937343916"<endrec>
"0","1000000","400","937344881","937344882"<endrec>
"0","5000000","1000","937344899","937344900"<endrec>
"0","5000000","1000","937345895","937345896"<endrec>
"0","5000000","1000","937345899","937345900"<endrec>
"0","5000000","1000","937346904","937346905"<endrec>
"0","5000000","1000","937346906","937346907"<endrec>
"0","5000000","1000","937346910","937346911"<endrec>
"0","5000000","1000","937346913","937346914"<endrec>
"0","5000000","1000","937346915","937346916"<endrec>
"1500000","5000000","800","937347930","937347931"<endrec>
"1500000","5000000","800","937347951","937347952"<endrec>
"0","5000000","1000","937347955","937347956"<endrec>
"0","5000000","1000","937347958","937347959"<endrec>
"0","5000000","1000","937347960","937347961"<endrec>
"0","5000000","1000","937348920","937348921"<endrec>
"150000","5000000","1100","937348927","937348928"<endrec>
"1500000","5000000","800","937360007","937360008"<endrec>
"0","5000000","1000","937376546","937376547"<endrec>
"1500000","5000000","800","937377464","937377465"<endrec>
"0","5000000","1000","937378457","937378458"<endrec>
"0","5000000","1000","937380495","937380496"<endrec>
"0","5000000","1000","937380497","937380498"<endrec>
"0","5000000","1000","937380500","937380501"<endrec>
"0","5000000","1000","937380502","937380503"<endrec>
"900000","5000000","1000","937380504","937380505"<endrec>
"0","250000000","100","937392792","937392793"<endrec>
"0","100000000","300","937392875","937392876"<endrec>
"1500000","5000000","800","937404958","937404959"<endrec>
"0","5000000","1000","937415211","937415212"<endrec>
"0","100000000","300","937418197","937418198"<endrec>
"0","5000000","1000","937420151","937420152"<endrec>
"0","5000000","1000","937458310","937458311"<endrec>
"0","100000000","300","937487622","937487623"<endrec>
"0","100000000","300","937487625","937487626"<endrec>
"0","100000000","300","937487635","937487636"<endrec>
"50000","10000000","136","937510190","937510191"<endrec>
"0","5000000","1000","937513727","937513729"<endrec>
"0","5000000","1000","937513730","937513731"<endrec>
"0","500000","1000","937513748","937513749"<endrec>
"0","5000000","1000","937539870","937539871"<endrec>
"0","1000000","100","937548769","937548770"<endrec>
"0","400000","500","937567750","937567751"<endrec>
"400000","500000","300","937612895","937612896"<endrec>
"0","400000","500","937612904","937612905"<endrec>
"1500000","5000000","800","937641811","937641812"<endrec>
"0","5000000","1000","937641813","937641814"<endrec>
"0","5000000","1000","937641815","937641816"<endrec>
"0","150000","200","937646768","937646769"<endrec>
