ACCOUNT_TYPE,CURRENCY,FIXED_AMOUNT,FUNDING_SOURCE,LIABILITY_ORDER,LOAD_DATA_TS,MAX_MIN_BALANCE_TRIGGER,REASON_INDEX,SETTLEMENT_ACCOUNT_TYPE,SETTLEMENT_ACCOUNT_TYPE_ORDER,SETTLEMENT_DETAIL_ID,SETTLEMENT_PROFILE_UNIQUE_ID,SETTLEMENT_TRIGGER_BALANCE,SETTLEMENT_TYPE,TARGET_BALANCE,TRIGGER_SWITCH,TXN_INDEX                                                                                                                                                                                                                                                                                                                                                                                                                                                                                                                                                                                                                                                                                                                          <endrec>
"10011","TZS","","","","","0","10000230","10089","1","101","937125874","","3","0","0","20039"<endrec>
"10011","TZS","","","","","0","10000232","10089","1","102","937125874","","4","0","0","20039"<endrec>
"10015","TZS","","","","","1","10000226","10089","","103","937125874","","1","0","0","20039"<endrec>
"10016","TZS","","","1","","0","10000229","10089","1","104","937125874","0","2","0","0","20039"<endrec>
"10011","TZS","","","","","0","10000230","10089","1","105","937125875","","3","-9000000000","0","20039"<endrec>
"10011","TZS","","","","","0","10000232","10089","1","106","937125875","","4","-9000000000","0","20039"<endrec>
"10136","TZS","","","","","0","10000318","10089","1","107","937125875","0","1","500000000","0","20039"<endrec>
"10139","TZS","","","","","0","10000319","10089","","108","937125875","0","1","50000000","0","20039"<endrec>
"10138","TZS","","","1","","0","10000321","10089","","109","937125875","500000000","2","1500000000","1","20039"<endrec>
"10140","TZS","","","2","","0","10000320","10089","1","110","937125875","2000000000","2","2500000000","1","20039"<endrec>
"10011","TZS","","","","","0","10000230","10089","1","111","937125876","","3","0","0","20039"<endrec>
"10011","TZS","","","","","0","10000232","10089","1","112","937125876","","4","0","0","20039"<endrec>
"10017","TZS","","","","","0","10000322","10089","","113","937125876","2000000000","1","1000000000","1","20039"<endrec>
"10016","TZS","","","1","","0","10000229","10089","1","114","937125876","0","2","0","0","20039"<endrec>
"10011","TZS","","","","","0","10000230","10089","1","115","937131878","","3","0","0","20039"<endrec>
"10011","TZS","","","","","0","10000232","10089","1","116","937131878","","4","0","0","20039"<endrec>
"10022","TZS","","","","","0","10000227","10089","","117","937131878","0","1","0","0","20039"<endrec>
"10016","TZS","","","1","","0","10000229","10089","1","118","937131878","-100000000","2","0","1","20039"<endrec>
"10011","TZS","","","","","0","10000230","10089","1","119","937131879","","3","0","0","20039"<endrec>
"10011","TZS","","","","","0","10000232","10089","1","120","937131879","","4","0","0","20039"<endrec>
"10015","TZS","","","","","0","10000226","10089","1","121","937131879","0","1","0","0","20039"<endrec>
"10016","TZS","","","1","","0","10000229","10089","1","122","937131879","-100000000","2","0","1","20039"<endrec>
"10011","TZS","","","","","0","10000230","10089","1","123","937131880","","3","0","0","20039"<endrec>
"10011","TZS","","","","","0","10000232","10089","1","124","937131880","","4","0","0","20039"<endrec>
"10015","TZS","","","","","0","10000226","10089","1","125","937131880","0","1","0","0","20039"<endrec>
"10022","TZS","","","","","0","10000227","10089","1","126","937131880","0","1","0","0","20039"<endrec>
"10016","TZS","","","1","","0","10000229","10089","1","127","937131880","-100000000","2","0","1","20039"<endrec>
"10011","TZS","","","","","0","10000230","10089","1","128","937131881","","3","0","0","20039"<endrec>
"10011","TZS","","","","","0","10000232","10089","1","129","937131881","","4","0","0","20039"<endrec>
"10022","TZS","","","","","0","10000227","10089","","130","937131881","0","1","0","0","20039"<endrec>
"10016","TZS","","","1","","0","10000229","10089","1","131","937131881","0","2","0","0","20039"<endrec>
"10011","TZS","","","","","0","10000230","10089","1","132","937131882","","3","0","0","20039"<endrec>
"10011","TZS","","","","","0","10000232","10089","1","133","937131882","","4","0","0","20039"<endrec>
"10015","TZS","","","","","0","10000226","10089","1","134","937131882","0","1","0","0","20039"<endrec>
"10016","TZS","","","1","","0","10000229","10089","1","135","937131882","0","2","0","0","20039"<endrec>
"10011","TZS","","","","","0","10000230","10089","1","136","937131883","","3","0","0","20039"<endrec>
"10011","TZS","","","","","0","10000232","10089","1","137","937131883","","4","0","0","20039"<endrec>
"10015","TZS","","","","","0","10000226","10089","1","138","937131883","0","1","0","0","20039"<endrec>
"10022","TZS","","","","","0","10000227","10089","1","139","937131883","0","1","0","0","20039"<endrec>
"10016","TZS","","","1","","0","10000229","10089","1","140","937131883","0","2","0","0","20039"<endrec>
"10011","TZS","","","","","0","10000230","10089","1","141","937131884","","3","0","0","20039"<endrec>
"10011","TZS","","","","","0","10000232","10089","1","142","937131884","","4","0","0","20039"<endrec>
"10017","TZS","","","","","0","10000322","10089","","143","937131884","2000000000","1","1000000000","1","20039"<endrec>
"10016","TZS","","","1","","0","10000229","10089","1","144","937131884","0","2","0","0","20039"<endrec>
"10011","TZS","","","","","0","10000230","10089","1","146","30071519","","3","0","0","20039"<endrec>
"10011","TZS","","","","","0","10000232","10089","1","147","30071519","","4","0","0","20039"<endrec>
"10015","TZS","","","","","0","10000226","10089","1","148","30071519","0","1","0","0","20039"<endrec>
"10016","TZS","","","1","","0","10000229","10089","1","149","30071519","-100000000","2","0","1","20039"<endrec>
"10011","TZS","","","","","0","10000230","10089","1","150","30071511","","3","0","0","20039"<endrec>
"10011","TZS","","","","","0","10000232","10089","1","151","30071511","","4","0","0","20039"<endrec>
"10015","TZS","","","","","0","10000226","10089","1","152","30071511","0","1","0","0","20039"<endrec>
"10016","TZS","","","1","","0","10000229","10089","1","153","30071511","0","2","0","0","20039"<endrec>
"10011","TZS","","","","","0","10000230","10089","1","154","30071517","","3","0","0","20039"<endrec>
"10011","TZS","","","","","0","10000232","10089","1","155","30071517","","4","0","0","20039"<endrec>
"10015","TZS","","","","","0","10000226","10089","1","156","30071517","0","1","0","0","20039"<endrec>
"10016","TZS","","","1","","0","10000229","10089","1","157","30071517","0","2","0","0","20039"<endrec>
"10011","TZS","","","","","0","10000230","10089","1","158","30071524","","3","0","0","20039"<endrec>
"10011","TZS","","","","","0","10000232","10089","1","159","30071524","","4","0","0","20039"<endrec>
"10015","TZS","","","","","1","10000226","10089","1","160","30071524","1000000000","1","0","1","20039"<endrec>
"10016","TZS","","","1","","0","10000229","10089","1","161","30071524","0","2","0","0","20039"<endrec>
"10011","TZS","","","","","0","10000230","10089","1","162","30071518","","3","0","0","20039"<endrec>
"10011","TZS","","","","","0","10000232","10089","1","163","30071518","","4","0","0","20039"<endrec>
"10015","TZS","","","","","0","10000226","10089","1","164","30071518","1000000000","1","0","1","20039"<endrec>
"10016","TZS","","","1","","0","10000229","10089","1","165","30071518","0","2","0","0","20039"<endrec>
"10011","TZS","","","","","0","10000230","10089","1","166","30071516","","3","0","0","20039"<endrec>
"10011","TZS","","","","","0","10000232","10089","1","167","30071516","","4","0","0","20039"<endrec>
"10015","TZS","","","","","0","10000226","10089","1","168","30071516","0","1","0","0","20039"<endrec>
"10016","TZS","","","1","","0","10000229","10089","1","169","30071516","0","2","0","0","20039"<endrec>
"10011","TZS","","","","","0","10000230","10089","1","172","937133890","","3","0","0","20039"<endrec>
"10011","TZS","","","","","0","10000232","10089","1","173","937133890","","4","0","0","20039"<endrec>
"10017","TZS","","","","","0","10000322","10089","","174","937133890","2000000000","1","1000000000","1","20039"<endrec>
"10016","TZS","","","1","","0","10000229","10089","1","175","937133890","0","2","0","0","20039"<endrec>
"10011","TZS","","","","","0","10000230","10089","1","176","937133891","","3","-9000000000","0","20039"<endrec>
"10011","TZS","","","","","0","10000232","10089","1","177","937133891","","4","-9000000000","0","20039"<endrec>
"10136","TZS","","","","","0","10000318","10089","1","178","937133891","0","1","500000000","0","20039"<endrec>
"10139","TZS","","","","","0","10000319","10089","","179","937133891","0","1","50000000","0","20039"<endrec>
"10138","TZS","","","1","","0","10000321","10089","","180","937133891","500000000","2","1500000000","1","20039"<endrec>
"10140","TZS","","","2","","0","10000320","10089","1","181","937133891","2000000000","2","2500000000","1","20039"<endrec>
"10011","TZS","","","","","0","10000230","10089","1","182","937133892","","3","0","0","20039"<endrec>
"10011","TZS","","","","","0","10000232","10089","1","183","937133892","","4","0","0","20039"<endrec>
"10022","TZS","","","","","1","10000227","10089","","184","937133892","1000000000","1","0","1","20039"<endrec>
"10016","TZS","","","1","","0","10000229","10089","1","185","937133892","0","2","0","0","20039"<endrec>
"10011","TZS","","","","","0","10000230","10089","1","186","937133893","","3","0","0","20039"<endrec>
"10011","TZS","","","","","0","10000232","10089","1","187","937133893","","4","0","0","20039"<endrec>
"10022","TZS","","","","","0","10000227","10089","","188","937133893","1000000000","1","0","1","20039"<endrec>
"10016","TZS","","","1","","0","10000229","10089","1","189","937133893","0","2","0","0","20039"<endrec>
"10011","TZS","","","","","0","10000230","10089","1","190","937133894","","3","0","0","20039"<endrec>
"10011","TZS","","","","","0","10000232","10089","1","191","937133894","","4","0","0","20039"<endrec>
"10152","TZS","","","","","0","10000349","10089","","192","937133894","0","1","0","0","20039"<endrec>
"10027","TZS","","","","","0","10000351","10089","1","193","937133894","0","1","0","0","20039"<endrec>
"10016","TZS","","","1","","0","10000229","10089","1","194","937133894","0","2","0","0","20039"<endrec>
"10011","TZS","","","","","0","10000230","10089","1","195","937133895","","3","0","0","20039"<endrec>
"10011","TZS","","","","","0","10000232","10089","1","196","937133895","","4","0","0","20039"<endrec>
"10022","TZS","","","","","0","10000227","10089","","197","937133895","0","1","0","0","20039"<endrec>
"10016","TZS","","","1","","0","10000229","10089","1","198","937133895","0","2","0","0","20039"<endrec>
"10011","TZS","","","","","0","10000230","10089","1","199","937133896","","3","0","0","20039"<endrec>
"10011","TZS","","","","","0","10000232","10089","1","200","937133896","","4","0","0","20039"<endrec>
"10015","TZS","","","","","0","10000226","10089","1","201","937133896","0","1","0","0","20039"<endrec>
"10016","TZS","","","1","","0","10000229","10089","1","202","937133896","0","2","0","0","20039"<endrec>
"10011","TZS","","","","","0","10000230","10089","1","203","937133897","","3","0","0","20039"<endrec>
"10011","TZS","","","","","0","10000232","10089","1","204","937133897","","4","0","0","20039"<endrec>
"10015","TZS","","","","","0","10000226","10089","1","205","937133897","0","1","0","0","20039"<endrec>
"10022","TZS","","","","","0","10000227","10089","1","206","937133897","0","1","0","0","20039"<endrec>
"10016","TZS","","","1","","0","10000229","10089","1","207","937133897","0","2","0","0","20039"<endrec>
"10011","TZS","","","","","0","10000230","10089","1","208","937133898","","3","0","0","20039"<endrec>
"10011","TZS","","","","","0","10000232","10089","1","209","937133898","","4","0","0","20039"<endrec>
"10015","TZS","","","","","1","10000226","10089","","210","937133898","","1","0","0","20039"<endrec>
"10016","TZS","","","1","","0","10000229","10089","1","211","937133898","0","2","0","0","20039"<endrec>
"10011","TZS","","","","","0","10000230","10089","1","212","937133899","","3","0","0","20039"<endrec>
"10011","TZS","","","","","0","10000232","10089","1","213","937133899","","4","0","0","20039"<endrec>
"10015","TZS","","","","","1","10000226","10089","1","214","937133899","1000000000","1","0","1","20039"<endrec>
"10022","TZS","","","","","1","10000227","10089","1","215","937133899","1000000000","1","0","1","20039"<endrec>
"10016","TZS","","","1","","0","10000229","10089","1","216","937133899","0","2","0","0","20039"<endrec>
"10011","TZS","","","","","0","10000230","10089","1","217","937133900","","3","0","0","20039"<endrec>
"10011","TZS","","","","","0","10000232","10089","1","218","937133900","","4","0","0","20039"<endrec>
"10015","TZS","","","","","1","10000226","10089","1","219","937133900","1000000000","1","0","1","20039"<endrec>
"10022","TZS","","","","","1","10000227","10089","1","220","937133900","1000000000","1","0","1","20039"<endrec>
"10016","TZS","","","1","","0","10000229","10089","1","221","937133900","0","2","0","0","20039"<endrec>
"10011","TZS","","","","","0","10000230","10089","1","222","937133901","","3","0","0","20039"<endrec>
"10011","TZS","","","","","0","10000232","10089","1","223","937133901","","4","0","0","20039"<endrec>
"10015","TZS","","","","","0","10000226","10089","1","224","937133901","1000000000","1","0","1","20039"<endrec>
"10016","TZS","","","1","","0","10000229","10089","1","225","937133901","0","2","0","0","20039"<endrec>
"10011","TZS","","","","","0","10000230","10089","1","226","937133902","","3","0","0","20039"<endrec>
"10011","TZS","","","","","0","10000232","10089","1","227","937133902","","4","0","0","20039"<endrec>
"10022","TZS","","","","","0","10000227","10089","","228","937133902","0","1","0","0","20039"<endrec>
"10016","TZS","","","1","","0","10000229","10089","1","229","937133902","0","2","0","0","20039"<endrec>
"10011","TZS","","","","","0","10000230","10089","1","230","937133903","","3","0","0","20039"<endrec>
"10011","TZS","","","","","0","10000232","10089","1","231","937133903","","4","0","0","20039"<endrec>
"10015","TZS","","","","","0","10000226","10089","1","232","937133903","0","1","0","0","20039"<endrec>
"10016","TZS","","","1","","0","10000229","10089","1","233","937133903","0","2","0","0","20039"<endrec>
"10011","TZS","","","","","0","10000230","10089","1","234","937133904","","3","0","0","20039"<endrec>
"10011","TZS","","","","","0","10000232","10089","1","235","937133904","","4","0","0","20039"<endrec>
"10015","TZS","","","","","0","10000226","10089","1","236","937133904","0","1","0","0","20039"<endrec>
"10022","TZS","","","","","0","10000227","10089","1","237","937133904","0","1","0","0","20039"<endrec>
"10016","TZS","","","1","","0","10000229","10089","1","238","937133904","0","2","0","0","20039"<endrec>
"10011","TZS","","","","","0","10000230","10089","1","242","30071538","","3","0","0","20039"<endrec>
"10011","TZS","","","","","0","10000232","10089","1","243","30071538","","4","0","0","20039"<endrec>
"10022","TZS","","","","","0","10000227","10089","","244","30071538","0","1","0","0","20039"<endrec>
"10016","TZS","","","1","","0","10000229","10089","1","245","30071538","-100000000","2","0","1","20039"<endrec>
"10011","TZS","","","","","0","10000230","10089","1","246","30076490","","3","0","0","20039"<endrec>
"10011","TZS","","","","","0","10000232","10089","1","247","30076490","","4","0","0","20039"<endrec>
"10015","TZS","","","","","0","10000226","10089","1","248","30076490","0","1","0","0","20039"<endrec>
"10022","TZS","","","","","0","10000227","10089","1","249","30076490","0","1","0","0","20039"<endrec>
"10016","TZS","","","1","","0","10000229","10089","1","250","30076490","-100000000","2","0","1","20039"<endrec>
"10011","TZS","","","","","0","10000230","10089","1","251","30071539","","3","0","0","20039"<endrec>
"10011","TZS","","","","","0","10000232","10089","1","252","30071539","","4","0","0","20039"<endrec>
"10022","TZS","","","","","0","10000227","10089","","253","30071539","0","1","0","0","20039"<endrec>
"10016","TZS","","","1","","0","10000229","10089","1","254","30071539","0","2","0","0","20039"<endrec>
"10011","TZS","","","","","0","10000230","10089","1","255","30076486","","3","0","0","20039"<endrec>
"10011","TZS","","","","","0","10000232","10089","1","256","30076486","","4","0","0","20039"<endrec>
"10015","TZS","","","","","0","10000226","10089","1","257","30076486","0","1","0","0","20039"<endrec>
"10022","TZS","","","","","0","10000227","10089","1","258","30076486","0","1","0","0","20039"<endrec>
"10016","TZS","","","1","","0","10000229","10089","1","259","30076486","0","2","0","0","20039"<endrec>
"10011","TZS","","","","","0","10000230","10089","1","260","30071541","","3","0","0","20039"<endrec>
"10011","TZS","","","","","0","10000232","10089","1","261","30071541","","4","0","0","20039"<endrec>
"10022","TZS","","","","","1","10000227","10089","","262","30071541","1000000000","1","0","1","20039"<endrec>
"10016","TZS","","","1","","0","10000229","10089","1","263","30071541","0","2","0","0","20039"<endrec>
"10011","TZS","","","","","0","10000230","10089","1","264","30071542","","3","0","0","20039"<endrec>
"10011","TZS","","","","","0","10000232","10089","1","265","30071542","","4","0","0","20039"<endrec>
"10022","TZS","","","","","0","10000227","10089","","266","30071542","1000000000","1","0","1","20039"<endrec>
"10016","TZS","","","1","","0","10000229","10089","1","267","30071542","0","2","0","0","20039"<endrec>
"10011","TZS","","","","","0","10000230","10089","1","268","30071540","","3","0","0","20039"<endrec>
"10011","TZS","","","","","0","10000232","10089","1","269","30071540","","4","0","0","20039"<endrec>
"10022","TZS","","","","","0","10000227","10089","","270","30071540","0","1","0","0","20039"<endrec>
"10016","TZS","","","1","","0","10000229","10089","1","271","30071540","0","2","0","0","20039"<endrec>
"10011","TZS","","","","","0","10000230","10089","1","272","30076488","","3","0","0","20039"<endrec>
"10011","TZS","","","","","0","10000232","10089","1","273","30076488","","4","0","0","20039"<endrec>
"10015","TZS","","","","","0","10000226","10089","1","274","30076488","0","1","0","0","20039"<endrec>
"10022","TZS","","","","","0","10000227","10089","1","275","30076488","0","1","0","0","20039"<endrec>
"10016","TZS","","","1","","0","10000229","10089","1","276","30076488","0","2","0","0","20039"<endrec>
"10011","TZS","","","","","0","10000230","10089","1","277","30071543","","3","0","0","20039"<endrec>
"10011","TZS","","","","","0","10000232","10089","1","278","30071543","","4","0","0","20039"<endrec>
"10022","TZS","","","","","0","10000227","10089","","279","30071543","0","1","0","0","20039"<endrec>
"10016","TZS","","","1","","0","10000229","10089","1","280","30071543","0","2","0","0","20039"<endrec>
"10011","TZS","","","","","0","10000230","10089","1","281","30076487","","3","0","0","20039"<endrec>
"10011","TZS","","","","","0","10000232","10089","1","282","30076487","","4","0","0","20039"<endrec>
"10015","TZS","","","","","0","10000226","10089","1","283","30076487","0","1","0","0","20039"<endrec>
"10022","TZS","","","","","0","10000227","10089","1","284","30076487","0","1","0","0","20039"<endrec>
"10016","TZS","","","1","","0","10000229","10089","1","285","30076487","0","2","0","0","20039"<endrec>
"10011","TZS","","","","","0","10000230","10089","1","286","30104818","","3","0","0","20039"<endrec>
"10011","TZS","","","","","0","10000232","10089","1","287","30104818","","4","0","0","20039"<endrec>
"10136","TZS","","","","","0","10000318","10089","1","288","30104818","0","1","500000000","0","20039"<endrec>
"10139","TZS","","","","","0","10000319","10089","1","289","30104818","0","1","500000000","0","20039"<endrec>
"10138","TZS","","","1","","0","10000321","10089","","290","30104818","","2","1500000000","0","20039"<endrec>
"10140","TZS","","","2","","0","10000320","10089","1","291","30104818","2000000000","2","2500000000","1","20039"<endrec>
"10011","TZS","","","","","0","10000230","10089","1","292","30104821","","3","0","0","20039"<endrec>
"10011","TZS","","","","","0","10000232","10089","1","293","30104821","","4","0","0","20039"<endrec>
"10017","TZS","","","","","0","10000322","10089","","294","30104821","0","1","1500000000","0","20039"<endrec>
"10135","TZS","","","1","","0","10000323","10089","1","295","30104821","-2000000000","2","0","1","20039"<endrec>
"10011","TZS","","","","","0","10000230","10089","1","300","30104826","","3","0","0","20039"<endrec>
"10011","TZS","","","","","0","10000232","10089","1","301","30104826","","4","0","0","20039"<endrec>
"10017","TZS","","","","","0","10000322","10089","","302","30104826","2000000000","1","1000000000","1","20039"<endrec>
"10016","TZS","","","1","","0","10000229","10089","1","303","30104826","0","2","0","0","20039"<endrec>
"10011","TZS","","","","","0","10000230","10089","1","304","30105835","","3","0","0","20039"<endrec>
"10011","TZS","","","","","0","10000232","10089","1","305","30105835","","4","0","0","20039"<endrec>
"10136","TZS","","","","","0","10000318","10089","1","306","30105835","0","1","500000000","0","20039"<endrec>
"10139","TZS","","","","","0","10000319","10089","","307","30105835","0","1","50000000","0","20039"<endrec>
"10138","TZS","","","1","","0","10000321","10089","","308","30105835","500000000","2","1500000000","1","20039"<endrec>
"10140","TZS","","","2","","0","10000320","10089","1","309","30105835","2000000000","2","2500000000","1","20039"<endrec>
"10011","TZS","","","","","0","10000230","10089","1","314","30120116","","3","0","0","20039"<endrec>
"10011","TZS","","","","","0","10000232","10089","1","315","30120116","","4","0","0","20039"<endrec>
"10152","TZS","","","","","0","10000349","10089","","316","30120116","0","1","0","0","20039"<endrec>
"10016","TZS","","","1","","0","10000229","10089","1","317","30120116","0","2","0","0","20039"<endrec>
"10011","TZS","","","","","0","10000230","10089","1","318","30129091","","3","0","0","20039"<endrec>
"10011","TZS","","","","","0","10000232","10089","1","319","30129091","","4","0","0","20039"<endrec>
"10152","TZS","","","","","0","10000349","10089","","320","30129091","0","1","0","0","20039"<endrec>
"10027","TZS","","","","","0","10000351","10089","1","321","30129091","0","1","0","0","20039"<endrec>
"10016","TZS","","","1","","0","10000229","10089","1","322","30129091","0","2","0","0","20039"<endrec>
"10011","TZS","","","","","0","10000230","10089","1","323","30130077","","3","0","0","20039"<endrec>
"10011","TZS","","","","","0","10000232","10089","1","324","30130077","","4","0","0","20039"<endrec>
"10015","TZS","","","","","1","10000226","10089","1","325","30130077","1000000000","1","0","1","20039"<endrec>
"10022","TZS","","","","","1","10000227","10089","1","326","30130077","1000000000","1","0","1","20039"<endrec>
"10016","TZS","","","1","","0","10000229","10089","1","327","30130077","0","2","0","0","20039"<endrec>
"10011","TZS","","","","","0","10000230","10089","1","328","30130078","","3","0","0","20039"<endrec>
"10011","TZS","","","","","0","10000232","10089","1","329","30130078","","4","0","0","20039"<endrec>
"10015","TZS","","","","","1","10000226","10089","1","330","30130078","1000000000","1","0","1","20039"<endrec>
"10022","TZS","","","","","1","10000227","10089","1","331","30130078","1000000000","1","0","1","20039"<endrec>
"10016","TZS","","","1","","0","10000229","10089","1","332","30130078","0","2","0","0","20039"<endrec>
"10011","TZS","","","","","0","10000230","10089","1","350","30178488","","3","-10000000000","0","20039"<endrec>
"10011","TZS","","","","","0","10000232","10089","1","351","30178488","","4","-10000000000","0","20039"<endrec>
"10136","TZS","","","","","0","10000318","10089","1","352","30178488","0","1","500000000","0","20039"<endrec>
"10139","TZS","","","","","0","10000319","10089","","353","30178488","0","1","50000000","0","20039"<endrec>
"10138","TZS","","","1","","0","10000321","10089","","354","30178488","500000000","2","1500000000","1","20039"<endrec>
"10140","TZS","","","2","","0","10000320","10089","1","355","30178488","2000000000","2","2500000000","1","20039"<endrec>
"10011","TZS","","","","","0","10000230","10089","1","356","30178492","","3","0","0","20039"<endrec>
"10011","TZS","","","","","0","10000232","10089","1","357","30178492","","4","0","0","20039"<endrec>
"10136","TZS","","","","","0","10000318","10089","1","358","30178492","0","1","500000000","0","20039"<endrec>
"10139","TZS","","","","","0","10000319","10089","","359","30178492","0","1","50000000","0","20039"<endrec>
"10138","TZS","","","1","2016-05-31 00:00:00.000000","0","10000321","10089","","360","30178492","500000000","2","1500000000","1","20039"<endrec>
"10140","TZS","","","2","","0","10000320","10089","1","361","30178492","2000000000","2","2500000000","1","20039"<endrec>
"10011","TZS","","","","","0","10000230","10089","1","362","30178503","","3","-9000000000","0","20039"<endrec>
"10011","TZS","","","","","0","10000232","10089","1","363","30178503","","4","-9000000000","0","20039"<endrec>
"10136","TZS","","","","","0","10000318","10089","1","364","30178503","0","1","500000000","0","20039"<endrec>
"10139","TZS","","","","","0","10000319","10089","","365","30178503","0","1","50000000","0","20039"<endrec>
"10138","TZS","","","1","","0","10000321","10089","","366","30178503","500000000","2","1500000000","1","20039"<endrec>
"10140","TZS","","","2","","0","10000320","10089","1","367","30178503","2000000000","2","2500000000","1","20039"<endrec>
"10011","TZS","","","","","0","10000230","10089","1","369","937150114","","3","0","0","20039"<endrec>
"10011","TZS","","","","","0","10000232","10089","1","370","937150114","","4","0","0","20039"<endrec>
"10022","TZS","","","","","0","10000227","10089","","371","937150114","0","1","0","0","20039"<endrec>
"10016","TZS","","","1","","0","10000229","10089","1","372","937150114","0","2","0","0","20039"<endrec>
"10011","TZS","","","","","0","10000230","10089","1","373","937150115","","3","0","0","20039"<endrec>
"10011","TZS","","","","","0","10000232","10089","1","374","937150115","","4","0","0","20039"<endrec>
"10022","TZS","","","","","0","10000227","10089","","375","937150115","0","1","0","0","20039"<endrec>
"10016","TZS","","","1","","0","10000229","10089","1","376","937150115","0","2","0","0","20039"<endrec>
"10011","TZS","","1","","","0","10000230","10089","1","378","937197665","","3","0","0","20039"<endrec>
"10011","TZS","","1","","","0","10000232","10089","1","379","937197665","","4","0","0","20039"<endrec>
"10022","TZS","","1","","","0","10000227","10089","1","380","937197665","0","1","0","0","20039"<endrec>
"10016","TZS","","1","1","","0","10000229","10089","1","381","937197665","-100000000","2","0","1","20039"<endrec>
"10011","TZS","","1","","","0","10000230","10089","1","386","937197666","","3","0","0","20039"<endrec>
"10011","TZS","","1","","","0","10000232","10089","1","387","937197666","","4","0","0","20039"<endrec>
"10015","TZS","","1","","","0","10000226","10089","1","388","937197666","0","1","0","0","20039"<endrec>
"10016","TZS","","1","1","","0","10000229","10089","1","389","937197666","-100000000","2","0","1","20039"<endrec>
"10011","TZS","","1","","","0","10000230","10089","1","390","937197667","","3","0","0","20039"<endrec>
"10011","TZS","","1","","","0","10000232","10089","1","391","937197667","","4","0","0","20039"<endrec>
"10015","TZS","","1","","","0","10000226","10089","1","392","937197667","0","1","0","0","20039"<endrec>
"10022","TZS","","1","","","0","10000227","10089","1","393","937197667","0","1","0","0","20039"<endrec>
"10016","TZS","","1","1","","0","10000229","10089","1","394","937197667","0","2","-100000000","0","20039"<endrec>
"10011","TZS","","1","","","0","10000230","10089","1","395","937197668","","3","0","0","20039"<endrec>
"10011","TZS","","1","","","0","10000232","10089","1","396","937197668","","4","0","0","20039"<endrec>
"10022","TZS","","1","","","0","10000227","10089","1","397","937197668","0","1","0","0","20039"<endrec>
"10016","TZS","","1","1","","0","10000229","10089","1","398","937197668","","2","0","0","20039"<endrec>
"10011","TZS","","1","","","0","10000230","10089","1","399","937197669","","3","0","0","20039"<endrec>
"10011","TZS","","1","","","0","10000232","10089","1","400","937197669","","4","0","0","20039"<endrec>
"10015","TZS","","1","","","0","10000226","10089","1","401","937197669","0","1","0","0","20039"<endrec>
"10016","TZS","","1","1","","0","10000229","10089","1","402","937197669","0","2","0","0","20039"<endrec>
"10011","TZS","","1","","","0","10000230","10089","1","403","937197670","","3","0","0","20039"<endrec>
"10011","TZS","","1","","","0","10000232","10089","1","404","937197670","","4","0","0","20039"<endrec>
"10015","TZS","","1","","","0","10000226","10089","1","405","937197670","0","1","0","0","20039"<endrec>
"10022","TZS","","1","","","0","10000227","10089","1","406","937197670","0","1","0","0","20039"<endrec>
"10016","TZS","","1","1","","0","10000229","10089","1","407","937197670","0","2","0","0","20039"<endrec>
"10011","TZS","","1","","","0","10000230","10089","1","412","937197671","","3","0","0","20039"<endrec>
"10011","TZS","","1","","","0","10000232","10089","1","413","937197671","","4","0","0","20039"<endrec>
"10017","TZS","","1","","","0","10000322","10089","1","414","937197671","2000000000","1","1000000000","1","20039"<endrec>
"10016","TZS","","1","1","","0","10000229","10089","1","415","937197671","0","2","0","0","20039"<endrec>
"10011","TZS","","1","","","0","10000230","10089","1","416","937197672","","3","-9000000000","0","20039"<endrec>
"10011","TZS","","1","","","0","10000232","10089","1","417","937197672","","4","-9000000000","0","20039"<endrec>
"10136","TZS","","1","","","0","10000318","10089","1","418","937197672","0","1","500000000","0","20039"<endrec>
"10139","TZS","","1","","","0","10000319","10089","1","419","937197672","0","1","5000000","0","20039"<endrec>
"10138","TZS","","1","1","","0","10000321","10089","1","420","937197672","500000000","2","1500000000","1","20039"<endrec>
"10140","TZS","","1","2","","0","10000320","10089","1","421","937197672","2000000000","2","2500000000","1","20039"<endrec>
"10011","TZS","","1","","","0","10000230","10089","1","422","937197673","","3","0","0","20039"<endrec>
"10011","TZS","","1","","","0","10000232","10089","1","423","937197673","","4","0","0","20039"<endrec>
"10022","TZS","","1","","","0","10000227","10089","1","424","937197673","0","1","1000000000","0","20039"<endrec>
"10016","TZS","","1","1","","0","10000229","10089","1","425","937197673","0","2","0","0","20039"<endrec>
"10011","TZS","","1","","","0","10000230","10089","1","426","937197674","","3","0","0","20039"<endrec>
"10011","TZS","","1","","","0","10000232","10089","1","427","937197674","","4","0","0","20039"<endrec>
"10022","TZS","","1","","","0","10000227","10089","1","428","937197674","1000000000","1","0","1","20039"<endrec>
"10016","TZS","","1","1","","0","10000229","10089","1","429","937197674","0","2","0","0","20039"<endrec>
"10011","TZS","","3","1","","0","10002613","10089","1","430","937197680","","2","10000","0","20039"<endrec>
"10011","TZS","","3","1","","0","10002613","10089","1","431","937197684","","2","10000","0","20039"<endrec>
"10011","TZS","","3","1","","0","10002613","10089","1","432","937197686","","2","10100","0","20039"<endrec>
"10011","TZS","","3","1","","0","10002613","10089","1","433","937197690","","2","10200","0","20039"<endrec>
"10011","TZS","","3","1","","0","10002613","10089","1","434","937197691","","2","11000","0","20039"<endrec>
"10011","TZS","","3","1","","0","10002613","10089","1","435","937197694","","2","150100","0","20039"<endrec>
"10015","TZS","","3","","","0","10002607","10089","1","436","937197698","0","1","990000","0","20039"<endrec>
"10089","TZS","","3","","","0","10002613","10011","1","437","937197700","958000000","1","980000","1","20039"<endrec>
"10089","TZS","","3","1","","0","10002607","10015","1","438","937197701","0","2","100000","0","20039"<endrec>
"10089","TZS","","3","","","0","10002613","10011","1","439","937197702","1020000","1","1010000","1","20039"<endrec>
"10015","TZS","","3","","","0","10002607","10089","1","440","937197704","600000","1","300000","1","20039"<endrec>
"10011","TZS","","3","1","","0","10002613","10089","1","441","937197705","","2","11000","0","20039"<endrec>
"10089","TZS","","3","1","","0","10002607","10015","1","442","937197707","300000","2","600000","1","20039"<endrec>
"10015","TZS","","3","","","0","10002607","10089","1","443","937197710","60000","1","30000","1","20039"<endrec>
"10015","TZS","","3","","","0","10002607","10089","1","444","937197711","0","1","980000","0","20039"<endrec>
"10011","TZS","","3","1","","0","10002613","10089","1","446","937197714","30000","2","60000","1","20039"<endrec>
"10011","TZS","","3","1","","0","10002613","10089","1","447","937197715","5000","2","10000","1","20039"<endrec>
"10015","TZS","","3","","","0","10002607","10089","1","448","937197717","","1","30000","0","20039"<endrec>
"10011","TZS","","3","","","0","10002612","10089","1","449","937197719","","1","10000","0","20039"<endrec>
"10011","TZS","","3","1","","0","10002613","10089","1","450","937197723","0","2","20000","0","20039"<endrec>
"10089","TZS","","3","1","","0","10002607","10015","1","451","937197724","","2","1020000","0","20039"<endrec>
"10089","TZS","","3","","","0","10002613","10011","1","452","937197725","","1","1010000","0","20039"<endrec>
"10089","TZS","","3","1","","0","10002612","10011","1","453","937197727","0","2","120000","0","20039"<endrec>
"10011","TZS","","3","","","0","10002612","10089","1","454","937197728","0","1","120000","0","20039"<endrec>
"10089","TZS","","3","","","0","10002613","10011","1","455","937197730","","1","1010000","0","20039"<endrec>
"10089","TZS","","3","1","","0","10002607","10015","1","456","937197735","0","2","2200000","0","20039"<endrec>
"10089","TZS","","3","1","","0","10002607","10015","1","457","937197736","0","2","2200000","0","20039"<endrec>
"10089","TZS","","3","1","","0","10002607","10015","1","458","937197737","2000000","2","2200000","1","20039"<endrec>
"10015","TZS","","3","","","0","10002607","10089","1","459","937197738","0","1","100000","0","20039"<endrec>
"10089","TZS","","3","1","","0","10002607","10015","1","460","937197739","","2","1100000","0","20039"<endrec>
"10015","TZS","","3","","","0","10002607","10089","1","461","937197740","0","1","100000","0","20039"<endrec>
"10011","TZS","","3","","","0","10002612","10089","1","462","937197746","0","1","89290223100","0","20039"<endrec>
"10011","TZS","","3","","","0","10002612","10089","1","463","937197748","0","1","89290223100","0","20039"<endrec>
"10015","TZS","","3","","","0","10002607","10089","1","464","937197749","0","1","900000","0","20039"<endrec>
"10011","TZS","","3","","","0","10002612","10089","1","465","937197751","0","1","89290223100","0","20039"<endrec>
"10015","TZS","","3","","","0","10002607","10089","1","466","937197752","0","1","900000","0","20039"<endrec>
"10089","TZS","","3","1","","0","10002612","10011","1","467","937197753","400000","2","600000","1","20039"<endrec>
"10015","TZS","","3","","","0","10002607","10089","1","468","937197754","0","1","800000","0","20039"<endrec>
"10015","TZS","","3","","","0","10002607","10089","1","469","937197755","0","1","100000","0","20039"<endrec>
"10015","TZS","","3","","","0","10002607","10089","1","470","937197756","800000","1","790000","1","20039"<endrec>
"10015","TZS","","3","","","0","10002607","10089","1","471","937197757","","1","780000","0","20039"<endrec>
"10089","TZS","","3","1","","0","10002607","10015","1","472","937197758","0","2","100000","0","20039"<endrec>
"10089","TZS","","3","1","","0","10002612","10011","1","473","937197759","","2","400000","0","20039"<endrec>
"10015","TZS","","3","","","0","10002607","10089","1","474","937197760","","1","780000","0","20039"<endrec>
"10015","TZS","","3","","","0","10002607","10089","1","475","937197761","","1","780000","0","20039"<endrec>
"10011","TZS","","2","1","","0","10002621","10001","1","476","937197763","0","2","1000000","0","20070"<endrec>
"10089","TZS","","3","1","","0","10002607","10015","1","477","937197771","0","2","1300000","0","20039"<endrec>
"10089","TZS","","3","1","","0","10002612","10011","1","478","937197779","0","2","2000000","0","20039"<endrec>
"10089","TZS","","3","1","","0","10002612","10011","1","479","937197789","0","2","2000000","0","20039"<endrec>
"10015","TZS","","3","","","0","10002607","10089","1","480","937197790","0","1","3000000","0","20039"<endrec>
"10089","TZS","","3","1","","0","10002612","10011","1","481","937197794","2000000","2","2010000","1","20039"<endrec>
"10011","TZS","","3","1","","1","10002613","10089","1","482","937197803","0","2","1500000","0","20039"<endrec>
"10015","TZS","","3","","","1","10002607","10089","1","483","937197806","0","1","700000","0","20039"<endrec>
"10011","TZS","","3","1","","1","10002613","10089","1","484","937197819","0","2","100000","0","20039"<endrec>
"10011","TZS","","3","","","0","10002612","10089","1","485","937197821","0","1","300000","0","20039"<endrec>
"10015","TZS","","3","","","0","10002607","10089","1","486","937197824","0","1","700000","0","20039"<endrec>
"10089","TZS","","3","1","","0","10002607","10015","1","488","937197826","0","2","2500000","0","20039"<endrec>
"10011","TZS","","3","","","0","10002612","10089","1","489","937197828","0","1","2000000","0","20039"<endrec>
"10011","TZS","","3","","","0","10002612","10089","1","490","937197829","6100000","1","2000000","1","20039"<endrec>
"10011","TZS","","3","","","0","10002612","10089","1","491","937197830","0","1","100000","0","20039"<endrec>
"10011","TZS","","3","","","0","10002612","10089","1","492","937197831","0","1","100000","0","20039"<endrec>
"10089","TZS","","3","1","","0","10002612","10011","1","493","937197834","0","2","300000","0","20039"<endrec>
"10015","TZS","","3","","","0","10002607","10089","1","494","937197836","0","1","100000","0","20039"<endrec>
"10089","TZS","","3","1","","0","10002612","10011","1","495","937197837","200000","2","300000","1","20039"<endrec>
"10089","TZS","","3","1","","0","10002612","10011","1","496","937197838","6100000","2","6200000","1","20039"<endrec>
"10089","TZS","","3","1","","0","10002612","10011","1","497","937197839","0","2","100000","1","20039"<endrec>
"10089","TZS","","3","1","","0","10002612","10011","1","498","937197842","20000","2","100000","1","20039"<endrec>
"10089","TZS","","3","1","","0","10002612","10011","1","499","937197845","","2","6100000","0","20039"<endrec>
"10089","TZS","","3","1","","0","10002612","10011","1","500","937197846","6000000","2","6100000","1","20039"<endrec>
"10011","TZS","","3","1","","0","10002613","10089","1","501","937197847","0","2","10000","0","20039"<endrec>
"10011","TZS","","3","","","0","10002612","10089","1","502","937197848","0","1","300000","0","20039"<endrec>
"10013","TZS","","2","1","","0","10002626","10001","1","503","937197868","10000","2","100000","1","21505"<endrec>
"10015","TZS","","3","","","1","10002628","10089","1","504","937197869","120000","1","10000","1","21505"<endrec>
"10011","TZS","","3","1","","1","10002627","10089","1","505","937197869","20000","2","120000","1","21505"<endrec>
"10013","TZS","","2","1","","1","10002626","10001","1","506","937197870","10000","2","100000","1","21505"<endrec>
"10013","TZS","","2","1","","0","10002626","10001","1","507","937203539","80000","2","100000","1","21505"<endrec>
"10013","TZS","","2","1","","0","10002626","10001","1","508","937203564","","2","100000","0","21505"<endrec>
"10013","TZS","","2","1","","0","10002626","10001","1","509","937203566","900000","2","1100000","1","21505"<endrec>
"10011","TZS","","3","","","0","10002612","10089","1","510","937205530","","1","100000","0","20039"<endrec>
"10089","TZS","","3","1","","0","10002612","10011","1","511","937205533","0","2","100000","0","20039"<endrec>
"10013","TZS","","2","1","","0","10002626","10001","1","514","937205537","","2","200000","0","21505"<endrec>
"10089","TZS","","3","1","","0","10002612","10011","2","515","937205537","0","2","50000","0","20039"<endrec>
"10013","TZS","","2","1","","0","10002626","10001","1","516","937205720","","2","100000","0","21505"<endrec>
"10013","TZS","","2","1","","0","10002626","10001","1","518","937208575","","2","200000","0","21505"<endrec>
"10013","TZS","","2","1","","1","10002626","10001","1","519","937212553","","2","1200000","0","21505"<endrec>
"10013","TZS","","2","1","","0","10002626","10001","1","520","937219386","","2","100000","0","21505"<endrec>
"10011","TZS","","1","","","0","10000230","10089","1","521","937220547","","3","10000","0","20039"<endrec>
"10011","TZS","","1","","","0","10000232","10089","1","522","937220547","","4","10000","0","20039"<endrec>
"10136","TZS","","1","","","1","10000318","10089","1","523","937220547","11000","1","10000","1","20039"<endrec>
"10139","TZS","","1","","","0","10000319","10089","1","524","937220547","0","1","5000000","0","20039"<endrec>
"10138","TZS","","1","1","","0","10000321","10089","1","525","937220547","500000000","2","1500000000","1","20039"<endrec>
"10140","TZS","","1","2","","0","10000320","10089","1","526","937220547","2000000000","2","2500000000","1","20039"<endrec>
"10011","TZS","","1","","","0","10000230","10089","1","527","937220594","","3","10000","0","20039"<endrec>
"10011","TZS","","1","","","0","10000232","10089","1","528","937220594","","4","10000","0","20039"<endrec>
"10136","TZS","","1","","","1","10000318","10089","1","529","937220594","11000","1","10000","1","20039"<endrec>
"10139","TZS","","1","","","0","10000319","10089","1","530","937220594","0","1","5000000","0","20039"<endrec>
"10138","TZS","","1","1","","0","10000321","10089","1","531","937220594","500000000","2","1500000000","1","20039"<endrec>
"10140","TZS","","1","2","","0","10000320","10089","1","532","937220594","2000000000","2","2500000000","1","20039"<endrec>
"10013","TZS","","2","1","","0","10002626","10001","1","533","937230563","","2","100000","0","21505"<endrec>
"10089","TZS","","3","1","","0","10002612","10011","1","534","937232557","","2","10000","0","20039"<endrec>
"10011","TZS","","3","1","","0","10002613","10089","1","535","937232558","","2","10000","0","20039"<endrec>
"10011","TZS","","3","1","","0","10002613","10089","1","537","937243677","422745700","2","422756700","1","20039"<endrec>
"10011","TZS","","3","1","","0","10002613","10089","1","538","937243682","422745700","2","422756700","1","20039"<endrec>
"10011","TZS","","3","1","","0","10002613","10089","1","539","937243683","637745600","2","637770000","1","20039"<endrec>
"10011","TZS","","3","1","","0","10002613","10089","1","541","937337879","637745600","2","637770000","1","20039"<endrec>
"10011","TZS","","3","1","","0","10002613","10089","1","542","937337880","637745600","2","637770000","1","20039"<endrec>
"10011","TZS","","3","1","","0","10002613","10089","1","543","937337881","1840000","2","1850000","1","20039"<endrec>
"10015","TZS","","3","","","0","10002607","10089","1","547","937337884","0","1","100000","0","20039"<endrec>
"10015","TZS","","3","","","0","10002607","10089","1","548","937338882","0","1","150000","0","20039"<endrec>
"10011","TZS","","3","1","","0","10002613","10089","1","550","937337882","","2","1860000","0","20039"<endrec>
"10011","TZS","","3","1","","0","10002613","10089","1","551","937365205","","2","10400000","0","20039"<endrec>
"10011","TZS","","1","","","0","10000230","10089","1","553","937381553","","3","0","0","20039"<endrec>
"10011","TZS","","1","","","0","10000232","10089","1","554","937381553","","4","0","0","20039"<endrec>
"10027","TZS","","1","","","0","10003649","10089","1","555","937381553","0","1","0","0","20039"<endrec>
"10016","TZS","","1","1","","0","10000229","10089","1","556","937381553","","2","0","0","20039"<endrec>
"10011","TZS","","1","","","0","10000230","10089","1","558","937391586","","3","0","0","20039"<endrec>
"10011","TZS","","1","","","0","10000232","10089","1","559","937391586","","4","0","0","20039"<endrec>
"10015","TZS","","1","","","0","10000226","10089","1","560","937391586","0","1","0","0","20039"<endrec>
"10016","TZS","","1","1","","0","10000229","10089","1","561","937391586","","2","0","0","20039"<endrec>
"10013","TZS","","2","1","","1","10002626","10001","1","563","937421172","","2","1200000","0","21505"<endrec>
"10089","TZS","","3","1","","0","10002612","10011","2","564","937421172","0","2","50000","0","20039"<endrec>
"10013","TZS","","2","1","","1","10002626","10001","1","565","937421173","","2","1200000","0","21505"<endrec>
"10011","TZS","","3","1","","0","10002613","10089","2","566","937421173","0","2","1700000","0","20039"<endrec>
"10013","TZS","","2","1","","1","10002626","10001","1","567","937421178","","2","1200000","0","21505"<endrec>
"10013","TZS","","2","1","","1","10002626","10001","1","568","937422155","720000","2","1200000","1","21505"<endrec>
"10013","TZS","","2","1","","1","10002626","10001","1","570","937430147","720000","2","1200000","1","21505"<endrec>
"10013","TZS","","2","1","","1","10002626","10001","1","571","937430174","720000","2","1200000","1","21505"<endrec>
"10013","TZS","","2","1","","1","10002626","10001","1","572","937430177","720000","2","1200000","1","21505"<endrec>
"10013","TZS","","2","1","","1","10002626","10001","1","573","937430184","720000","2","1200000","1","21505"<endrec>
"10013","TZS","","2","1","","1","10002626","10001","1","574","937430185","720000","2","1200000","1","21505"<endrec>
"10013","TZS","","2","1","","1","10002626","10001","1","575","937430186","720000","2","1200000","1","21505"<endrec>
"10013","TZS","","2","1","","1","10002626","10001","1","576","937430187","720000","2","1200000","1","21505"<endrec>
"10013","TZS","","2","1","","1","10002626","10001","1","577","937430193","720000","2","1200000","1","21505"<endrec>
"10013","TZS","","2","1","","1","10002626","10001","1","578","937430200","720000","2","1200000","1","21505"<endrec>
"10013","TZS","","2","1","","1","10002626","10001","1","579","937430202","720000","2","1200000","1","21505"<endrec>
"10013","TZS","","2","1","","1","10002626","10001","1","580","937430208","720000","2","1200000","1","21505"<endrec>
"10013","TZS","","2","1","","1","10002626","10001","1","581","937430210","720000","2","1200000","1","21505"<endrec>
"10015","TZS","","3","","","0","10002607","10089","1","583","937459365","0","1","150000","0","20039"<endrec>
"10015","TZS","","3","","","0","10002607","10089","1","584","937459366","0","1","100000","0","20039"<endrec>
"10011","TZS","","3","1","","0","10002613","10089","1","585","937459366","","2","10400000","0","20039"<endrec>
"10015","TZS","","3","","","0","10002607","10089","1","586","937459367","0","1","100000","0","20039"<endrec>
"10011","TZS","","3","1","","0","10002613","10089","1","587","937459367","","2","200000","0","20039"<endrec>
"10011","TZS","","3","1","","0","10002613","10089","1","588","937459369","","2","10400000","0","20039"<endrec>
"10013","TZS","","2","1","","1","10002626","10001","1","589","937459372","720000","2","1200000","1","21505"<endrec>
"10013","TZS","","2","1","","1","10002626","10001","1","590","937459373","720000","2","1200000","1","21505"<endrec>
"10089","TZS","","3","1","","0","10002612","10011","2","591","937459373","0","2","50000","0","20039"<endrec>
"10013","TZS","","2","1","","1","10002626","10001","1","592","937459374","720000","2","1200000","1","21505"<endrec>
"10089","TZS","","3","1","","0","10002612","10011","2","593","937459374","0","2","50000","0","20039"<endrec>
"10013","TZS","","2","1","","1","10002626","10001","1","594","937459377","720000","2","1200000","1","21505"<endrec>
"10011","TZS","","3","1","","0","10002613","10089","2","595","937459377","0","2","50000","0","20039"<endrec>
"10013","TZS","","2","1","","1","10002626","10001","1","596","937459378","720000","2","1200000","1","21505"<endrec>
"10011","TZS","","3","1","","0","10002613","10089","2","597","937459378","20000","2","50000","1","20039"<endrec>
"10013","TZS","","2","1","","1","10002626","10001","1","598","937459379","720000","2","1200000","1","21505"<endrec>
"10015","TZS","","3","","","1","10002607","10089","1","599","937459380","","1","150000","0","20039"<endrec>
"10089","TZS","","3","1","","0","10002612","10011","1","600","937459381","750000","2","1000000","1","20039"<endrec>
"10011","TZS","","3","1","","0","10002613","10089","1","601","937459383","0","2","11000","0","20039"<endrec>
"10015","TZS","","3","","","0","10002607","10089","1","602","937459385","","1","1200000","0","20039"<endrec>
"10011","TZS","","3","1","","1","10002613","10089","1","603","937459402","","2","10400000","0","20039"<endrec>
"10011","TZS","","1","","","0","10002613","10089","1","604","937460348","","3","100000","0","20039"<endrec>
"10011","TZS","","1","","","0","10002612","10089","1","605","937460348","","4","100000","0","20039"<endrec>
"10015","TZS","","1","","","0","10002607","10089","1","606","937460348","0","1","100000","0","20039"<endrec>
"10011","TZS","","1","1","","0","10002613","10089","1","607","937460348","0","2","100000","0","20039"<endrec>
"10015","TZS","","3","","","0","10002607","10089","1","608","937460357","0","1","100000","0","20039"<endrec>
"10011","TZS","","3","1","","1","10002613","10089","1","609","937460357","","2","10400000","0","20039"<endrec>
"10015","TZS","","3","","","0","10002607","10089","1","612","937460367","0","1","100000","0","20039"<endrec>
"10011","TZS","","3","1","","1","10002613","10089","1","613","937460367","","2","200000","0","20039"<endrec>
"10015","TZS","","3","","","0","10002607","10089","1","614","937462563","0","1","100000","0","20039"<endrec>
"10011","TZS","","3","1","","0","10002613","10089","1","615","937462563","740000","2","800000","1","20039"<endrec>
"10011","TZS","","3","1","","0","10002613","10089","1","617","937498799","2210000","2","100000000","1","20039"<endrec>
"10013","TZS","","2","1","","1","10002626","10001","1","618","937498828","720000","2","1200000","1","21505"<endrec>
"10089","TZS","","3","1","","0","10002612","10011","2","619","937498828","0","2","50000","0","20039"<endrec>
"10011","TZS","","3","1","","0","10002613","10089","1","620","937510228","740000","2","800000","1","20039"<endrec>
"10015","TZS","","3","","","1","10002607","10089","1","621","937510235","0","1","500000","0","20039"<endrec>
"10011","TZS","","3","1","","0","10002613","10089","1","622","937510235","740000","2","800000","1","20039"<endrec>
"10011","TZS","","3","1","","0","10002613","10089","1","623","937510237","740000","2","800000","1","20039"<endrec>
"10015","TZS","","3","","","1","10002607","10089","1","624","937510238","0","1","500000","0","20039"<endrec>
"10011","TZS","","3","1","","0","10002613","10089","1","625","937510238","2210000","2","100000000","1","20039"<endrec>
"10011","TZS","","3","1","","0","10002613","10089","1","626","937510394","2210000","2","100000000","1","20039"<endrec>
"10011","TZS","","3","1","","0","10002613","10089","1","627","937460360","0","2","11000","0","20039"<endrec>
"10013","TZS","","2","1","","1","10002626","10001","1","628","937510429","720000","2","1200000","1","21505"<endrec>
"10089","TZS","","3","1","","0","10002612","10011","2","629","937510429","0","2","50000","0","20039"<endrec>
"10013","TZS","","2","1","","1","10002626","10001","1","630","937510433","720000","2","1200000","1","21505"<endrec>
"10011","TZS","","3","1","","0","10002613","10089","2","631","937510433","0","2","1100000","0","20039"<endrec>
"10013","TZS","","2","1","","1","10002626","10001","1","632","937510440","720000","2","1200000","1","21505"<endrec>
"10015","TZS","","3","","","0","10002607","10089","2","633","937510440","0","1","50000","0","20039"<endrec>
"10013","TZS","","2","1","","1","10002626","10001","1","634","937510447","720000","2","1200000","1","21505"<endrec>
"10015","TZS","","3","","","0","10002607","10089","2","635","937510447","0","1","50000","0","20039"<endrec>
"10011","TZS","","3","1","","0","10002613","10089","1","636","937539880","0","2","11000","0","20039"<endrec>
"10015","TZS","","3","","","0","10002607","10089","1","637","937539895","0","1","100000","0","20039"<endrec>
"10011","TZS","","3","1","","0","10002613","10089","1","638","937539895","","2","200000","0","20039"<endrec>
"10011","TZS","","3","1","","0","10002613","10089","1","639","937539911","","2","200000","0","20039"<endrec>
"10013","TZS","","2","1","","1","10002626","10001","1","640","937547762","720000","2","1200000","1","21505"<endrec>
"10011","TZS","","3","1","","0","10002613","10089","2","641","937547762","0","2","1100000","0","20039"<endrec>
"10013","TZS","","2","1","","1","10002626","10001","1","642","937547767","720000","2","1200000","1","21505"<endrec>
"10015","TZS","","3","","","0","10002607","10089","2","643","937547767","0","1","150000","0","20039"<endrec>
"10013","TZS","","2","1","","1","10002626","10001","1","644","937547791","720000","2","1200000","1","21505"<endrec>
"10013","TZS","","2","1","","1","10002626","10001","1","645","937547803","720000","2","1200000","1","21505"<endrec>
"10011","TZS","","3","1","","1","10002613","10089","2","646","937547803","720000","2","1000000","1","20039"<endrec>
"10011","TZS","","3","1","","0","10002613","10089","1","647","937549797","0","2","11000","0","20039"<endrec>
"10015","TZS","","3","","","1","10002607","10089","1","648","937551753","","1","150000","0","20039"<endrec>
"10013","TZS","","2","1","","1","10002626","10001","2","649","937551753","720000","2","1200000","1","21505"<endrec>
"10015","TZS","","3","","","1","10002607","10089","1","650","937551780","","1","150000","0","20039"<endrec>
"10011","TZS","","3","1","","0","10002613","10089","1","651","937551781","","2","200000","0","20039"<endrec>
"10013","TZS","","2","1","","0","10002626","10001","2","652","937551781","0","2","1200000","0","21505"<endrec>
"10011","TZS","","3","1","","0","10002613","10089","1","653","937551786","","2","200000","0","20039"<endrec>
"10011","TZS","","1","","","0","10000230","10089","1","654","937565735","","3","10000","0","20039"<endrec>
"10011","TZS","","1","","","0","10000232","10089","1","655","937565735","","4","10000","0","20039"<endrec>
"10136","TZS","","1","","","1","10000318","10089","1","656","937565735","11000","1","10000","1","20039"<endrec>
"10139","TZS","","1","","","0","10000319","10089","1","657","937565735","0","1","5000000","0","20039"<endrec>
"10016","TZS","","1","2","","0","10000229","10089","1","658","937565735","","2","60000","0","20039"<endrec>
"10011","TZS","","1","","","0","10000230","10089","1","659","937566752","","3","10000","0","20039"<endrec>
"10011","TZS","","1","","","0","10000232","10089","1","660","937566752","","4","10000","0","20039"<endrec>
"10136","TZS","","1","","","1","10000318","10089","1","661","937566752","11000","1","10000","1","20039"<endrec>
"10139","TZS","","1","","","0","10000319","10089","1","662","937566752","0","1","5000000","0","20039"<endrec>
"10140","TZS","","1","2","","0","10000320","10089","1","663","937566752","","2","60000","0","20039"<endrec>
"10015","TZS","","3","","","1","10002607","10089","1","664","937566782","","1","150000","0","20039"<endrec>
"10013","TZS","","2","1","","1","10002626","10001","2","665","937566782","720000","2","1200000","1","21505"<endrec>
"10011","TZS","","3","1","","1","10002613","10089","1","718","937664869","","2","200000","0","20039"<endrec>
