CREATE_OPER_ID,CREATE_OPER_TIME,DESCRIPTION,LAST_OPER_ID,LAST_OPER_TIME,LIMIT_ACCU_CONDITION_FLAG,LIMIT_EXPRESSION_ID,LIMIT_PATTERN,LIMIT_TYPE_ID,LIMIT_TYPE_NAME,STATUS,THRESHOLD_TYPE,TRANSACTION_ROLE_TYPE,UNIQUE_ID                                                                                                                                                                                                                                                                                                                                                                                                                                                                                                                                                                                                                                                                                                                                                                                                                 <endrec>
"203000000000010005","2014-03-25 05:30:30.150000","Maximum Customer Transfer","203000000000010005","2014-03-25 05:32:14.319000","","","0","2000","Maximum Customer Transfer","30","0","D","30003195"<endrec>
"203000000000010005","2014-03-25 05:36:43.317000","Minimum Customer Transfer","203000000000010005","2014-03-25 05:36:48.422000","","","1","3000","Minimum Customer Transfer","30","0","D","30003197"<endrec>
"203000000000010005","2014-03-25 05:40:14.639000","Maximum Customer Send Money","203000000000010005","2014-03-25 05:40:18.657000","","","0","4000","Maximum Customer Send Money","30","0","D","30003199"<endrec>
"203000000000010005","2014-03-25 05:42:48.016000","Minimum Customer Send Money","203000000000010005","2014-03-25 05:42:53.210000","","","1","5000","Minimum Customer Send Money","30","0","D","30003201"<endrec>
"203000000000010005","2014-03-25 05:47:32.104000","Maximum Value Customer Withdrawal At Agent","203000000000010811","2016-12-07 08:36:57.605000","","","0","6000","Maximum Value Customer Withdrawal At Agent","50","0","D","30003203"<endrec>
"203000000000010005","2014-03-25 05:49:27.060000","Minimum Value Customer Withdrawal At Agent","203000000000010005","2014-03-25 05:49:30.491000","","","1","7000","Minimum Value Customer Withdrawal At Agent","30","0","D","30003205"<endrec>
"203000000000010005","2014-03-25 05:50:51.963000","Maximum Value Customer Withdrawal At ATM","203000000000010005","2014-03-25 05:50:54.719000","","","0","8000","Maximum Value Customer Withdrawal At ATM","30","0","D","30003207"<endrec>
"203000000000010005","2014-03-25 05:52:09.891000","Minimum Value Customer Withdrawal At ATM","203000000000010005","2014-03-25 05:52:20.081000","","","1","9000","Minimum Value Customer Withdrawal At ATM","30","0","D","30003209"<endrec>
"203000000000010005","2014-03-25 05:59:58.382000","Maximum Value Customer Buy Airtime","203000000000010005","2014-03-25 06:00:01.131000","","","0","10000","Maximum Value Customer Buy Airtime","30","0","D","30003211"<endrec>
"203000000000010005","2014-03-25 06:01:57.959000","Minimum Value Customer Buy Airtime","203000000000010005","2014-03-25 06:02:02.449000","","","1","11000","Minimum Value Customer Buy Airtime","30","0","D","30003213"<endrec>
"203000000000010005","2014-03-25 07:50:40.313000","Minimum Account Balance For ATM Withdrawal","203000000000010005","2014-03-25 07:50:44.559000","","","1","12000","Minimum Account Balance For ATM Withdrawal","30","1","D","30003216"<endrec>
"203000000000010005","2014-03-25 08:01:19.906000","Maximum MMF Account For Customer Balance Check","203000000000010005","2014-03-25 08:17:42.819000","","","0","13000","Maximum MMF Account For Customer Balance Check","50","1","C","30003217"<endrec>
"203000000000010005","2014-03-25 08:17:36.596000","Maximum MMF Account For Customer Balance Check","203000000000010005","2014-03-25 08:17:42.830000","","","0","13000","Maximum MMF Account For Customer Balance Check","30","1","C","30003220"<endrec>
"203000000000010005","2014-03-25 08:30:22.364000","Maximum Daily Customer Debit Value","203000000000010005","2014-03-25 08:42:00.060000","","","0","14000","Maximum Daily Customer Debit Value","30","2","D","30003224"<endrec>
"203000000000010005","2014-03-25 08:58:27.361000","Maximum Daily Customer Buy Airtime Value","203000000000010005","2014-03-25 08:58:30.070000","","","0","16000","Maximum Daily Customer Buy Airtime Value","30","2","D","30003232"<endrec>
"203000000000010005","2014-03-25 09:05:48.109000","Maximum Yearly Money In","203000000000011204","2015-09-22 10:57:05.567000","","","0","17000","Maximum Yearly Money In","50","2","C","30003235"<endrec>
"203000000000010005","2014-03-25 10:02:15.287000","Maximum Daily H/O Float Account Debit Value","203000000000010005","2014-03-25 10:02:36.538000","","","0","18000","Maximum Daily H/O Float Account Debit Value","30","2","D","30003242"<endrec>
"203000000000010005","2014-03-25 10:17:20.789000","Minimum H/O Float Account Transfer Value","203000000000010005","2014-03-25 10:17:27.211000","","","1","19000","Minimum H/O Float Account Transfer Value","30","0","D","30003243"<endrec>
"203000000000010005","2014-03-25 10:23:45.318000","Maximum H/O Float Account Transfer Value","203000000000010005","2014-03-25 10:23:49.102000","","","0","20000","Maximum H/O Float Account Transfer Value","30","0","D","30003245"<endrec>
"203000000000010005","2014-03-25 10:28:37.479000","Maximum H/O Float Account Balance","203000000000010005","2014-03-25 10:28:40.604000","","","0","21000","Maximum H/O Float Account Balance","30","1","C","30003247"<endrec>
"203000000000010005","2014-03-25 10:33:31.814000","Maximum H/O MMF Account Balance","203000000000010005","2014-03-25 10:33:36.069000","","","0","22000","Maximum H/O MMF Account Balance","30","1","C","30003249"<endrec>
"203000000000010005","2014-03-25 10:38:48.540000","Maximum H/O MMF Account Transfer Value","203000000000010005","2014-03-25 10:43:05.428000","","","0","23000","Maximum H/O MMF Account Transfer Value","50","0","C","30003251"<endrec>
"203000000000010005","2014-03-25 10:41:39.989000","Minimum H/O MMF Account Transfer Value","203000000000010005","2014-03-25 10:42:50.578000","","","1","24000","Minimum H/O MMF Account Transfer Value","50","0","C","30003253"<endrec>
"203000000000010005","2014-03-25 10:42:43.579000","Minimum H/O MMF Account Transfer Value","203000000000010005","2014-03-25 10:42:50.592000","","","1","24000","Minimum H/O MMF Account Transfer Value","30","0","D","30003254"<endrec>
"203000000000010005","2014-03-25 10:43:00.688000","Maximum H/O MMF Account Transfer Value","203000000000010005","2014-03-25 10:43:05.444000","","","0","23000","Maximum H/O MMF Account Transfer Value","30","0","D","30003255"<endrec>
"203000000000010005","2014-03-25 10:58:23.833000","Minimum Agent Store Float Account Transfer Value","203000000000010005","2014-03-25 11:07:35.602000","","","1","25000","Minimum Agent Store Float Account Transfer Value","30","0","D","30003259"<endrec>
"203000000000010005","2014-03-25 11:13:01.950000","Maximum Agent Store Float Account Transfer Value","203000000000010005","2014-03-25 11:13:06.213000","","","0","26000","Maximum Agent Store Float Account Transfer Value","30","0","D","30003262"<endrec>
"203000000000010005","2014-03-25 11:14:27.818000","Maximum Agent Store Float Account Balance","203000000000010005","2014-03-25 11:14:34.092000","","","0","27000","Maximum Agent Store Float Account Balance","30","1","C","30003264"<endrec>
"203000000000010005","2014-03-25 11:16:28.567000","Minimum Agent Store Float Account Balance","203000000000010005","2014-03-25 11:16:35.057000","","","1","28000","Minimum Agent Store Float Account Balance","30","1","D","30003266"<endrec>
"203000000000010005","2014-03-25 11:25:12.974000","Maximum Customer Deposit Value","203000000000010036","2014-06-06 19:11:30.102000","","","0","29000","Maximum Customer Deposit Value","30","0","C","30003269"<endrec>
"203000000000010005","2014-03-25 11:28:13.737000","Minimum Customer Deposit Value","203000000000010809","2015-08-24 19:29:47.321000","","","1","30000","Minimum Customer Deposit Value","50","0","C","30003271"<endrec>
"203000000000010005","2014-03-26 03:51:49.630000","Maximum Agent Store MMF Account Transfer Value","203000000000010005","2014-03-26 03:51:53.207000","","","0","1002000","Maximum Agent Store MMF Account Transfer Value","30","0","D","30004007"<endrec>
"203000000000010005","2014-03-26 03:54:57.579000","Minimum Agent Store MMF Account Transfer Value","203000000000010005","2014-03-26 03:55:04.858000","","","1","1003000","Minimum Agent Store MMF Account Transfer Value","30","0","D","30004009"<endrec>
"203000000000010005","2014-03-26 03:57:31.669000","Maximum Agent Store MMF Account Balance","203000000000010005","2014-03-26 03:57:36.139000","","","0","1004000","Maximum Agent Store MMF Account Balance","30","1","C","30004011"<endrec>
"203000000000010005","2014-03-26 03:58:50.266000","Minimum Agent Store MMF Account Balance","203000000000010005","2014-03-26 03:58:57.525000","","","1","1005000","Minimum Agent Store MMF Account Balance","30","1","D","30004013"<endrec>
"203000000000010005","2014-03-26 04:08:04.513000","Minimum Agent Store Business Withdrawal Value","203000000000010005","2014-03-26 04:10:14.924000","","","0","1006000","Minimum Agent Store Business Withdrawal Value","50","0","D","30004016"<endrec>
"203000000000010005","2014-03-26 04:10:09.471000","Minimum Agent Store Business Withdrawal Value","203000000000010005","2014-03-26 04:10:14.937000","","","1","1006000","Minimum Agent Store Business Withdrawal Value","30","0","D","30004017"<endrec>
"203000000000010005","2014-03-26 04:12:33.792000","Minimum Agent Business Deposit Value","203000000000010005","2014-03-26 04:12:41.687000","","","1","1007000","Minimum Agent Business Deposit Value","30","0","D","30004019"<endrec>
"203000000000010005","2014-03-26 04:14:11.750000","Maximum Agent Business Deposit Value","203000000000010005","2014-03-26 04:14:14.773000","","","0","1008000","Maximum Agent Business Deposit Value","30","0","D","30004021"<endrec>
"203000000000010005","2014-03-26 04:33:13.230000","Maximum Business MMF Account Transfer Value","203000000000010005","2014-03-26 04:33:18.670000","","","0","1009000","Maximum Business MMF Account Transfer Value","30","0","D","30004024"<endrec>
"203000000000010005","2014-03-26 04:39:38.154000","Minimum Business MMF Account Transfer Value","203000000000010005","2014-03-26 04:39:44.296000","","","1","1010000","Minimum Business MMF Account Transfer Value","30","0","D","30004026"<endrec>
"203000000000010005","2014-03-26 04:41:30.078000","Minimum Business MMF Account Balance","203000000000010005","2014-03-26 04:41:37.506000","","","1","1011000","Minimum Business MMF Account Balance","30","1","D","30004029"<endrec>
"203000000000010005","2014-03-26 04:43:04.572000","Maximum Business MMF Account Balance","203000000000010005","2014-03-26 04:43:09.149000","","","0","1012000","Maximum Business MMF Account Balance","30","1","C","30004031"<endrec>
"203000000000010005","2014-03-26 04:47:15.992000","Maximum Business Daily Transfer","203000000000010005","2014-03-26 04:47:20.896000","","","0","1013000","Maximum Business Daily Transfer","30","2","D","30004034"<endrec>
"203000000000010005","2014-03-26 05:21:37.775000","Maximum Customer Pay Utility Transaction Value","203000000000014909","2016-12-15 09:18:40.117000","","","0","1014000","Maximum Customer Pay Utility Transaction Value","50","0","C","30004036"<endrec>
"203000000000010005","2014-03-26 05:26:22.536000","Minimum Customer Pay Utility Transaction Value","203000000000014909","2016-12-15 09:37:56.807000","","","1","1015000","Minimum Customer Pay Utility Transaction Value","50","0","C","30004040"<endrec>
"203000000000010005","2014-03-26 05:32:55.833000","Maximum Business Customer Utility Transfer To MMF Account Value","203000000000010005","2014-03-26 05:33:01.036000","","","0","1016000","Maximum Business Customer Utility Transfer To MMF Account Value","30","0","D","30004044"<endrec>
"203000000000010005","2014-03-26 05:34:47.368000","Minimum Business Customer Utility Transfer To MMF Account Value","203000000000010005","2014-03-26 05:34:56.815000","","","1","1017000","Minimum Business Customer Utility Transfer To MMF Account Value","30","0","D","30004046"<endrec>
"203000000000010005","2014-03-26 05:35:20.333000","Minimum Business Customer Utility Balance ","203000000000010005","2014-03-26 05:35:44.523000","","","1","1018000","Minimum Business Customer Utility Balance ","30","1","D","30004047"<endrec>
"203000000000010005","2014-03-26 05:35:36.551000","Maximum Business Customer Utility Balance ","203000000000010005","2014-03-26 05:35:40.486000","","","0","1019000","Maximum Business Customer Utility Balance ","30","1","C","30004048"<endrec>
"203000000000010005","2014-03-26 05:40:31.294000","Maximum Business Customer Utility Daily Transfer","203000000000010005","2014-03-26 05:40:36.404000","","","0","1020000","Maximum Business Customer Utility Daily Transfer","30","2","D","30004052"<endrec>
"203000000000010005","2014-03-26 05:48:47.981000","Maximum Salary Payment To Unregistered Customer","203000000000010005","2014-03-26 05:48:57.497000","","","0","1021000","Maximum Salary Payment To Unregistered Customer","30","0","D","30004055"<endrec>
"203000000000010005","2014-03-26 05:52:26.615000","Minimum Salary Payment To Unregistered Customer","203000000000010005","2014-03-26 05:52:32.908000","","","1","1022000","Minimum Salary Payment To Unregistered Customer","30","0","D","30004058"<endrec>
"203000000000010005","2014-03-26 05:54:44.751000","Maximum Promotion Payment To Unregistered Customer","203000000000010005","2014-03-26 05:54:51.295000","","","0","1023000","Maximum Promotion Payment To Unregistered Customer","30","0","D","30004060"<endrec>
"203000000000010005","2014-03-26 05:56:02.375000","Minimum Promotion Payment To Unregistered Customer","203000000000010005","2014-03-26 05:56:08.564000","","","1","1024000","Minimum Promotion Payment To Unregistered Customer","30","0","D","30004062"<endrec>
"203000000000010005","2014-03-26 07:14:51.342000","Maximum Salary Payment","203000000000010005","2014-03-26 07:15:03.274000","","","0","1025000","Maximum Salary Payment","30","0","D","30004064"<endrec>
"203000000000010005","2014-03-26 07:18:05.471000","Minimum Salary Payment","203000000000010005","2014-03-26 07:18:12.591000","","","1","1026000","Minimum Salary Payment","30","0","D","30004066"<endrec>
"203000000000010005","2014-03-26 07:21:58.960000","Maximum Business Payment To Customer","203000000000010005","2014-03-26 07:22:04.745000","","","0","1027000","Maximum Business Payment To Customer","30","0","D","30004068"<endrec>
"203000000000010005","2014-03-26 07:23:21.591000","Minimum Business Payment To Customer","203000000000010005","2014-03-26 07:23:28.804000","","","1","1028000","Minimum Business Payment To Customer","30","0","D","30004070"<endrec>
"203000000000010005","2014-03-26 07:25:59.297000","Maximum Business Payment To Customer Withdrawal Charge Paid","203000000000010005","2014-03-26 07:26:05.109000","","","0","1029000","Maximum Business Payment To Customer Withdrawal Charge Paid","30","0","D","30004072"<endrec>
"203000000000010005","2014-03-26 07:27:14.841000","Minimum Business Payment To Customer Withdrawal Charge Paid","203000000000010005","2014-03-26 07:27:25.717000","","","1","1030000","Minimum Business Payment To Customer Withdrawal Charge Paid","30","0","D","30004074"<endrec>
"203000000000010005","2014-03-26 07:29:48.170000","Maximum Pay Dividend to Registered User","203000000000010005","2014-03-26 07:29:55.284000","","","0","1031000","Maximum Pay Dividend to Registered User","30","0","D","30004076"<endrec>
"203000000000010005","2014-03-26 07:30:55.406000","Minimum Pay Dividend to Registered User","203000000000010005","2014-03-26 07:31:00.339000","","","1","1032000","Minimum Pay Dividend to Registered User","30","0","D","30004078"<endrec>
"203000000000010005","2014-03-26 07:49:33.077000","Maximum Promotion Payment","203000000000010005","2014-03-26 07:49:40.916000","","","0","1033000","Maximum Promotion Payment","30","0","D","30004081"<endrec>
"203000000000010005","2014-03-26 07:50:37.683000","Minimum Promotion Payment","203000000000010005","2014-03-26 07:50:44.581000","","","1","1034000","Minimum Promotion Payment","30","0","D","30004084"<endrec>
"203000000000010005","2014-03-26 07:53:08.686000","Maximum Salary payment withdrawal charge paid","203000000000010005","2014-03-26 07:53:14.481000","","","0","1035000","Maximum Salary payment withdrawal charge paid","30","0","D","30004086"<endrec>
"203000000000010005","2014-03-26 07:54:24.168000","Minimum Salary payment withdrawal charge paid","203000000000010005","2014-03-26 07:55:08.257000","","","1","1036000","Minimum Salary payment withdrawal charge paid","30","0","D","30004088"<endrec>
"203000000000010005","2014-03-26 07:57:04.796000","Maximum Transfer From Bank To Customer","203000000000010005","2014-03-26 07:57:10.958000","","","0","1037000","Maximum Transfer From Bank To Customer","30","0","D","30004090"<endrec>
"203000000000010005","2014-03-26 07:58:25.098000","Minimum Transfer From Bank To Customer","203000000000010005","2014-03-26 07:58:33.804000","","","1","1038000","Minimum Transfer From Bank To Customer","30","0","D","30004092"<endrec>
"203000000000010005","2014-03-26 07:59:54.131000","Maximum Transfer From Bank To Unregistered User","203000000000010005","2014-03-26 08:00:00.938000","","","0","1039000","Maximum Transfer From Bank To Unregistered User","30","0","D","30004094"<endrec>
"203000000000010005","2014-03-26 08:01:04.062000","Minimum Transfer From Bank To Unregistered User","203000000000010005","2014-03-26 08:01:09.867000","","","1","1040000","Minimum Transfer From Bank To Unregistered User","30","0","D","30004096"<endrec>
"203000000000010005","2014-03-26 08:10:15.557000","Minimum Charges Paid Account Balance","203000000000010005","2014-03-26 08:10:22.218000","","","1","1041000","Minimum Charges Paid Account Balance","30","1","D","30004098"<endrec>
"203000000000010005","2014-03-26 08:29:36.549000","Minimum Customer Pay Merchant","203000000000010005","2014-03-26 08:29:43.043000","","","1","1042000","Minimum Customer Pay Merchant","30","0","C","30004100"<endrec>
"203000000000010005","2014-03-26 08:31:10.695000","Maximum Customer Pay Merchant","203000000000010005","2014-03-26 08:31:18.032000","","","0","1043000","Maximum Customer Pay Merchant","30","0","C","30004102"<endrec>
"203000000000010005","2014-03-26 08:45:21.699000","Minimum Merchant Account Balance","203000000000010005","2014-03-26 08:45:27.055000","","","1","1044000","Minimum Merchant Account Balance","30","1","D","30004105"<endrec>
"203000000000010005","2014-03-26 08:47:40.512000","Maximum Merchant Account Balance","203000000000010005","2014-03-26 08:47:46.735000","","","0","1045000","Maximum Merchant Account Balance","30","1","C","30004107"<endrec>
"203000000000010005","2014-03-26 08:50:17.976000","Minimum Merchant Account Transfer Value","203000000000010005","2014-03-26 08:50:22.394000","","","1","1046000","Minimum Merchant Account Transfer Value","30","0","D","30004109"<endrec>
"203000000000010005","2014-03-26 09:05:05.141000","Maximum Primary Assistant Daily Transfer","203000000000010005","2014-03-26 09:05:10.042000","","","0","1047000","Maximum Primary Assistant Daily Transfer","30","2","D","30004113"<endrec>
"203000000000010005","2014-03-26 09:10:49.973000","Maximum Primary Assistant Transfer Value","203000000000010005","2014-03-26 09:10:56.301000","","","0","1048000","Maximum Primary Assistant Transfer Value","30","0","D","30004116"<endrec>
"203000000000010005","2014-03-26 10:18:15.307000","Maximum Primary Assistant Deposit At Agent","203000000000010005","2014-03-26 10:18:26.399000","","","0","2002000","Maximum Primary Assistant Deposit At Agent","30","0","D","30005002"<endrec>
"203000000000010005","2014-03-26 10:23:45.394000","Minimum Primary Assistant Deposit At Agent Till","203000000000010005","2014-03-26 10:24:06.284000","","","1","2004000","Minimum Primary Assistant Deposit At Agent Till","30","0","D","30005005"<endrec>
"203000000000010005","2014-03-26 10:25:13.809000","Minimum Primary Assistant Transfer","203000000000010005","2014-03-26 10:25:20.119000","","","1","2005000","Minimum Primary Assistant Transfer","30","0","D","30005007"<endrec>
"203000000000010005","2014-03-26 10:41:23.242000","Maximum H/O Assistant Daily Debit","203000000000010005","2014-03-26 10:43:35.713000","","","0","2006000","Maximum H/O Assistant Daily Debit","30","2","D","30005010"<endrec>
"203000000000010005","2014-03-26 10:46:19.013000","Maximum H/O Assistant Daily Credit","203000000000010005","2014-03-26 10:46:29.431000","","","0","2007000","Maximum H/O Assistant Daily Credit","30","2","C","30005012"<endrec>
"203000000000010005","2014-03-26 10:49:34.355000","Minimum H/O Assistant Transfer","203000000000010005","2014-03-26 10:49:40.593000","","","1","2008000","Minimum H/O Assistant Transfer","30","0","D","30005015"<endrec>
"203000000000010005","2014-03-26 10:52:06.460000","Maximum H/O Assistant Transfer","203000000000010005","2014-03-26 10:52:16.786000","","","0","2009000","Maximum H/O Assistant Transfer","30","0","D","30005018"<endrec>
"203000000000010005","2014-03-26 11:07:46.992000","Default MNO Limit","203000000000010005","2014-03-26 11:07:56.852000","","","1","2010000","Default MNO Limit","30","0","D","30005021"<endrec>
"203000000000010002","2014-03-31 14:28:20.896000","Minimum MMF Account For Customer Balance Check","203000000000010002","2014-03-31 14:32:54.785000","","","1","2012000","Minimum MMF Account For Customer Balance Check","30","1","D","30010084"<endrec>
"203000000000010002","2014-04-11 20:13:15.056000","Maximum Recycle Transfer","203000000000010002","2014-04-12 11:13:24.990000","","","0","3012000","Maximum Recycle Transfer","30","0","C","30015708"<endrec>
"203000000000010002","2014-04-12 11:12:20.360000","Minimum Recycle Transfer","203000000000010002","2014-04-12 11:13:24.709000","","","1","3013000","Minimum Recycle Transfer","30","0","C","30015715"<endrec>
"203000000000010002","2014-04-12 11:12:48.168000","Maximum Recycle Daily Transfer","203000000000010002","2014-04-12 11:13:24.832000","","","0","3014000","Maximum Recycle Daily Transfer","30","2","C","30015716"<endrec>
"203000000000010002","2014-04-12 17:28:48.835000","Minimum Float Redistribution Balance Check","203000000000010002","2014-04-12 17:29:16.605000","","","1","3015000","Minimum Float Redistribution Balance Check","30","1","D","30015723"<endrec>
"203000000000010036","2014-07-02 14:16:27.800000","Maximum International Transfer to Customer","203000000000010133","2014-10-14 17:21:02.479000","","","0","6012000","Maximum International Transfer to Customer","50","0","D","30071512"<endrec>
"203000000000010063","2014-07-14 10:28:34.606000","Duplicate Debit","203000000000010063","2014-07-14 10:31:59.041000","","","0","7012000","Duplicate Debit","30","5","D","30077467"<endrec>
"203000000000010063","2014-07-14 10:28:55.005000","Duplicate Credit","203000000000010063","2014-07-14 10:31:59.222000","","","0","7013000","Duplicate Credit","30","5","C","30077468"<endrec>
"203000000000010036","2014-08-07 09:38:55.357000","Minimum ATM Float Account Tranfer","203000000000010036","2014-08-07 09:39:28.111000","","","1","8012000","Minimum ATM Float Account Tranfer","30","0","D","30085573"<endrec>
"203000000000010036","2014-08-07 09:39:19.181000","Maximum ATM Float Account Balance","203000000000010036","2014-08-07 09:39:25.137000","","","0","8013000","Maximum ATM Float Account Balance","30","1","C","30085574"<endrec>
"203000000000010133","2014-09-25 15:31:55.671000","Minimum IMT Provider Utility Account Balance Check","203000000000010133","2014-09-25 15:32:10.982000","","","1","9013000","Minimum IMT Provider Utility Account Balance Check","30","1","D","30097653"<endrec>
"203000000000010133","2014-09-30 09:58:28.549000","Duplicate Airtime Purchase","203000000000010133","2014-09-30 09:58:40.197000","","","0","10012000","Duplicate Airtime Purchase","30","5","D","30098640"<endrec>
"203000000000010133","2014-10-01 15:17:08.319000","Minimum Deposit with FI Organisation","203000000000010133","2014-10-01 15:47:50.251000","","","1","11012000","Minimum Deposit with FI Organisation","30","0","D","30099774"<endrec>
"203000000000010133","2014-10-01 15:17:36.356000","Minimum Pay Loan to FI Organisation","203000000000010133","2014-10-01 15:47:33.225000","","","1","11013000","Minimum Pay Loan to FI Organisation","30","0","D","30099775"<endrec>
"203000000000010133","2014-10-01 15:18:02.646000","Minimum Loan Disbursement to Customer","203000000000010133","2014-10-01 15:47:15.575000","","","1","11014000","Minimum Loan Disbursement to Customer","30","0","C","30099776"<endrec>
"203000000000010133","2014-10-01 15:18:16.951000","Maximum Loan Disbursement to Customer","203000000000010133","2014-10-01 15:46:56.684000","","","0","11015000","Maximum Loan Disbursement to Customer","30","0","C","30099777"<endrec>
"203000000000010133","2014-10-06 19:15:03.535000","Minimum B2B transfer","203000000000010133","2014-10-06 19:15:41.548000","","","1","12012000","Minimum B2B transfer","30","0","D","30100700"<endrec>
"203000000000010133","2014-10-06 19:15:25.981000","Maximum B2B transfer","203000000000019121","2018-05-18 14:27:27.189000","","0","0","12013000","Maximum B2B transfer","50","0","D","30100701"<endrec>
"203000000000010133","2014-10-13 09:40:25.855000","Minimum Revenue Payment to Owner","203000000000010133","2014-10-13 09:41:39.831000","","","1","13012000","Minimum Revenue Payment to Owner","30","0","D","30105855"<endrec>
"203000000000010133","2014-10-13 09:40:42.634000","Maximum Revenue Payment to Owner","203000000000010133","2014-10-13 09:41:36.000000","","","0","13013000","Maximum Revenue Payment to Owner","30","0","D","30105856"<endrec>
"203000000000010133","2014-10-14 17:20:57.867000","Maximum International Transfer to Customer","203000000000010133","2014-10-14 17:21:02.491000","","","0","6012000","Maximum International Transfer to Customer","30","0","C","30107848"<endrec>
"203000000000013109","2014-10-23 11:50:45.197000","Maximum Merchant Account Transfer Value","203000000000013109","2014-10-23 11:50:49.329000","","","0","14012000","Maximum Merchant Account Transfer Value","30","0","D","30112882"<endrec>
"203000000000013109","2014-10-24 15:11:04.834000","Minimum FSI Withdrawal","203000000000013109","2014-10-24 15:11:09.246000","","","1","15012000","Minimum FSI Withdrawal","30","0","C","30113880"<endrec>
"203000000000013109","2014-10-24 15:16:55.027000","Maximum FSI Loan Repayment","203000000000013109","2014-10-24 15:17:01.436000","","","0","15013000","Maximum FSI Loan Repayment","30","0","D","30113882"<endrec>
"203000000000013109","2014-10-24 15:19:34.167000","Maximum FSI Deposit","203000000000013109","2014-10-24 15:19:39.569000","","","0","15014000","Maximum FSI Deposit","30","0","D","30113884"<endrec>
"203000000000013109","2014-10-25 17:14:56.842000","Minimum FSI Loan Repayment","203000000000013109","2014-10-25 17:15:02.560000","","","1","16012000","Minimum FSI Loan Repayment","30","0","D","30114888"<endrec>
"203000000000013109","2014-10-25 17:16:23.073000","Minimum FSI Deposit","203000000000013109","2014-10-25 17:16:27.938000","","","1","16013000","Minimum FSI Deposit","30","0","D","30114890"<endrec>
"203000000000010164","2014-11-10 20:21:59.708000","Maximum FSI Credit Request","203000000000010164","2014-11-10 20:22:04.501000","","","0","17012000","Maximum FSI Credit Request","30","0","C","30120059"<endrec>
"203000000000010164","2014-11-28 12:43:37.464000","Maximum Deposit Account Balance","203000000000010164","2014-11-28 12:43:50.136000","","","0","18012000","Maximum Deposit Account Balance","30","1","C","30132104"<endrec>
"203000000000010164","2014-11-28 12:44:20.125000","Minimum Deposit Account Balance","203000000000016126","2016-08-04 05:53:44.802000","","","1","18013000","Minimum Deposit Account Balance","50","1","D","30132105"<endrec>
"203000000000010164","2014-11-28 12:48:25.129000","Maximum Deposit Account Transfer Value","203000000000016121","2016-08-10 13:00:19.691000","","","0","18014000","Maximum Deposit Account Transfer Value","50","0","D","30132106"<endrec>
"203000000000010164","2014-11-28 12:48:57.491000","Minimum Deposit Account Transfer Value","203000000000014909","2016-12-07 13:13:41.067000","","","1","18015000","Minimum Deposit Account Transfer Value","50","0","D","30132107"<endrec>
"203000000000010164","2014-11-28 12:49:28.282000","Maximum Deposit Account Daily Transfer","203000000000010164","2014-11-28 13:23:31.626000","","","0","18016000","Maximum Deposit Account Daily Transfer","30","2","D","30132108"<endrec>
"203000000000010164","2014-11-28 12:49:52.308000","Maximum Withdrawal Account Balance","203000000000010164","2014-11-28 13:24:34.968000","","","0","18017000","Maximum Withdrawal Account Balance","30","1","C","30132109"<endrec>
"203000000000010164","2014-11-28 12:50:22.957000","Minimum Withdrawal Account Balance","203000000000010164","2014-11-28 13:25:27.329000","","","1","18018000","Minimum Withdrawal Account Balance","30","1","D","30132110"<endrec>
"203000000000010164","2014-11-28 12:51:10.582000","Maximum Withdrawal Account Transfer Value","203000000000016121","2016-08-15 15:01:44.003000","","","0","18019000","Maximum Withdrawal Account Transfer Value","50","0","D","30132111"<endrec>
"203000000000010164","2014-11-28 12:51:44.763000","Minimum Withdrawal Account Transfer Value","203000000000010164","2014-11-28 13:25:31.177000","","","1","18020000","Minimum Withdrawal Account Transfer Value","30","0","D","30132112"<endrec>
"203000000000010164","2014-11-28 12:52:47.884000","Maximum Withdrawal Account Daily Transfer","203000000000010164","2014-11-28 17:15:23.657000","","","0","18021000","Maximum Withdrawal Account Daily Transfer","50","0","D","30132113"<endrec>
"203000000000010164","2014-11-28 12:53:54.204000","Maximum Financial Services Account Balance","203000000000010164","2014-11-28 13:23:49.526000","","","0","18022000","Maximum Financial Services Account Balance","30","1","C","30132114"<endrec>
"203000000000010164","2014-11-28 12:54:11.334000","Minimum Financial Services Account Balance","203000000000010164","2014-11-28 13:24:52.488000","","","1","18023000","Minimum Financial Services Account Balance","30","1","D","30132115"<endrec>
"203000000000010164","2014-11-28 13:14:17.719000","Maximum Financial Services Transfer Value","203000000000010164","2014-11-28 13:23:57.341000","","","0","18024000","Maximum Financial Services Transfer Value","30","0","D","30132116"<endrec>
"203000000000010164","2014-11-28 13:14:35.458000","Minimum Financial Services Transfer Value","203000000000010164","2014-11-28 13:24:56.542000","","","1","18025000","Minimum Financial Services Transfer Value","30","0","D","30132117"<endrec>
"203000000000010164","2014-11-28 13:14:58.917000","Maximum Financial Services Account Daily Transfer","203000000000010164","2014-11-28 13:23:53.458000","","","0","18026000","Maximum Financial Services Account Daily Transfer","30","2","D","30132118"<endrec>
"203000000000010164","2014-11-28 13:15:37.113000","Maximum Loan Disbursement Account Balance","203000000000010164","2014-11-28 13:24:12.203000","","","0","18027000","Maximum Loan Disbursement Account Balance","30","1","C","30132119"<endrec>
"203000000000010164","2014-11-28 13:15:54.554000","Minimum Loan Disbursement Account Balance","203000000000010164","2014-11-28 13:25:07.446000","","","1","18028000","Minimum Loan Disbursement Account Balance","30","1","D","30132120"<endrec>
"203000000000010164","2014-11-28 13:16:26.404000","Maximum Loan Disbursement Account Transfer Value","203000000000010164","2014-11-28 13:24:19.698000","","","0","18029000","Maximum Loan Disbursement Account Transfer Value","30","0","D","30132121"<endrec>
"203000000000010164","2014-11-28 13:16:43.895000","Minimum Loan Disbursement Account Transfer Value","203000000000010164","2014-11-28 13:25:12.078000","","","1","18030000","Minimum Loan Disbursement Account Transfer Value","30","0","D","30132122"<endrec>
"203000000000010164","2014-11-28 13:17:23.993000","Maximum Loan Disbursement Account Daily Transfer","203000000000010164","2014-11-28 13:24:15.707000","","","0","18031000","Maximum Loan Disbursement Account Daily Transfer","30","2","D","30132123"<endrec>
"203000000000010164","2014-11-28 13:18:01.966000","Maximum Loan Repayment Account Balance","203000000000010164","2014-11-28 13:24:23.526000","","","0","18032000","Maximum Loan Repayment Account Balance","30","1","C","30132124"<endrec>
"203000000000010164","2014-11-28 13:18:25.275000","Minimum Loan Repayment Account Balance","203000000000010164","2014-11-28 13:25:16.163000","","","1","18033000","Minimum Loan Repayment Account Balance","30","1","D","30132125"<endrec>
"203000000000010164","2014-11-28 13:18:54.898000","Maximum Loan Repayment Account Transfer Value","203000000000010164","2014-11-28 13:24:30.820000","","","0","18034000","Maximum Loan Repayment Account Transfer Value","30","0","D","30132126"<endrec>
"203000000000010164","2014-11-28 13:19:17.603000","Minimum Loan Repayment Account Transfer Value","203000000000010164","2014-11-28 13:25:19.417000","","","1","18035000","Minimum Loan Repayment Account Transfer Value","30","0","D","30132127"<endrec>
"203000000000010164","2014-11-28 13:19:40.040000","Maximum Loan Repayment Account Daily Transfer","203000000000010164","2014-11-28 13:24:27.106000","","","0","18036000","Maximum Loan Repayment Account Daily Transfer","30","2","D","30132128"<endrec>
"203000000000010164","2014-11-28 13:20:04.692000","Maximum Final Payout Account Balance","203000000000010164","2014-11-28 13:23:39.060000","","","0","18037000","Maximum Final Payout Account Balance","30","1","C","30132129"<endrec>
"203000000000010164","2014-11-28 13:20:36.083000","Minimum Final Payout Account Balance","203000000000010164","2014-11-28 13:24:45.302000","","","1","18038000","Minimum Final Payout Account Balance","30","1","D","30132130"<endrec>
"203000000000010164","2014-11-28 13:21:16.981000","Maximum Final Payout Account Transfer Value","203000000000010164","2014-11-28 13:23:46.103000","","","0","18039000","Maximum Final Payout Account Transfer Value","30","0","D","30132131"<endrec>
"203000000000010164","2014-11-28 13:21:32.585000","Minimum Final Payout Account Transfer Value","203000000000010164","2014-11-28 13:24:49.064000","","","1","18040000","Minimum Final Payout Account Transfer Value","30","0","D","30132132"<endrec>
"203000000000010164","2014-11-28 13:21:47.819000","Maximum Final Payout Account Daily Transfer","203000000000010164","2014-11-28 13:23:42.237000","","","0","18041000","Maximum Final Payout Account Daily Transfer","30","2","D","30132133"<endrec>
"203000000000010164","2014-11-28 13:22:04.160000","Maximum FSI MMF Account Balance","203000000000010164","2014-11-28 13:24:00.685000","","","0","18042000","Maximum FSI MMF Account Balance","30","1","C","30132134"<endrec>
"203000000000010164","2014-11-28 13:22:19.677000","Minimum FSI MMF Account Balance","203000000000010164","2014-11-28 13:24:59.731000","","","1","18043000","Minimum FSI MMF Account Balance","30","1","D","30132135"<endrec>
"203000000000010164","2014-11-28 13:22:43.109000","Maximum FSI MMF Account Transfer Value","203000000000010164","2014-11-28 13:24:09.140000","","","0","18044000","Maximum FSI MMF Account Transfer Value","30","0","D","30132136"<endrec>
"203000000000010164","2014-11-28 13:23:03.448000","Minimum FSI MMF Account Transfer Value","203000000000010164","2014-11-28 13:25:03.600000","","","1","18045000","Minimum FSI MMF Account Transfer Value","30","0","D","30132137"<endrec>
"203000000000010164","2014-11-28 13:23:18.468000","Maximum FSI MMF Account Daily Transfer","203000000000010164","2014-11-28 13:24:05.589000","","","0","18046000","Maximum FSI MMF Account Daily Transfer","30","2","D","30132138"<endrec>
"203000000000010164","2014-11-28 17:15:18.257000","Maximum Withdrawal Account Daily Transfer","203000000000016121","2016-08-08 07:49:11.926000","","","0","18021000","Maximum Withdrawal Account Daily Transfer","50","2","D","30132165"<endrec>
"203000000000010240","2014-12-16 18:48:45.719000","Maximum FSI Withdrawal","203000000000010240","2014-12-16 18:48:50.236000","","","0","19012000","Maximum FSI Withdrawal","30","0","C","30141081"<endrec>
"203000000000010164","2014-12-22 15:38:58.045000","Minimum FSI Credit Request","203000000000010164","2014-12-22 15:39:02.885000","","","1","20012000","Minimum FSI Credit Request","30","0","C","30143115"<endrec>
"203000000000010164","2014-12-22 15:45:02.339000","Maximum MMF Account For Customer Balance Check for FSI Credit Request","203000000000010164","2014-12-22 15:45:14.239000","","","0","20013000","Maximum MMF Account For Customer Balance Check for FSI Credit Request","30","1","C","30143116"<endrec>
"203000000000010809","2015-08-14 12:19:09.921000","","203000000000010809","2015-08-14 12:19:18.334000","","","0","20015000","Maximum Daily Deposit at Agent","30","2","D","937150122"<endrec>
"203000000000010809","2015-08-24 19:29:39.739000","Minimum Customer Deposit Value","203000000000010809","2015-08-24 19:29:47.372000","","","1","30000","Minimum Customer Deposit Value","30","0","D","937152123"<endrec>
"203000000000010809","2015-09-02 14:32:20.780000","","203000000000010809","2015-09-18 17:58:18.244000","","","0","21015000","Max OTC Pay Bill","50","0","R","937154184"<endrec>
"203000000000011204","2015-09-10 08:41:30.723000","","203000000000011204","2015-09-10 08:46:34.580000","","","0","22015000","test1","30","5","C","937159184"<endrec>
"203000000000010809","2015-09-18 17:58:10.185000","","203000000000010809","2015-09-18 17:58:18.260000","","","0","21015000","Max OTC Pay Bill","30","0","D","937162189"<endrec>
"203000000000010809","2015-09-18 18:02:25.087000","","203000000000010809","2015-12-04 17:39:29.404000","","","1","23015000","Min OTC Bill Payment","50","0","D","937162191"<endrec>
"203000000000011204","2015-09-22 10:56:57.005000","Maximum Yearly Money In","203000000000011204","2015-09-22 10:59:59.094000","","","0","17000","Maximum Yearly Money In","50","2","D","937163201"<endrec>
"203000000000011204","2015-09-22 10:59:48.363000","Maximum Yearly Money In","203000000000014911","2016-12-16 11:07:21.633000","","","0","17000","Maximum Yearly Money In","50","2","C","937163202"<endrec>
"203000000000010806","2015-10-14 11:54:40.740000","Minimum Float Instance transfer_Organisation","203000000000010806","2015-10-23 14:50:50.417000","","","1","24015000","Minimum Float Instance transfer_Organisation","50","0","D","937166305"<endrec>
"203000000000012602","2015-10-21 14:55:49.913000","","203000000000012602","2015-10-21 15:12:43.707000","","","1","24016000","IBM IMT Abroad","60","0","D","937166467"<endrec>
"203000000000012602","2015-10-21 15:13:18.355000","","203000000000010806","2016-01-13 11:37:13.522000","","","0","24017000","IBM IMT Maximum Daily Transfer","50","2","D","937166469"<endrec>
"203000000000010806","2015-10-23 14:03:05.171000","","203000000000010806","2015-10-23 14:09:53.380000","","","0","25015000","IMT abroad Max Transfer","50","0","C","937167348"<endrec>
"203000000000010806","2015-10-23 14:09:47.226000","","203000000000010806","2015-10-23 14:09:53.387000","","","0","25015000","IMT abroad Max Transfer","30","0","D","937167351"<endrec>
"203000000000010806","2015-10-23 14:50:39.964000","Minimum Float Instance transfer_Organisation","203000000000010806","2015-10-23 14:50:50.427000","","","0","24015000","Minimum Float Instance transfer_Organisation","30","0","D","937167352"<endrec>
"203000000000010806","2015-10-27 07:41:39.192000","","203000000000010806","2015-10-27 07:41:56.642000","","","1","25016000","IBM Minimum Transfer_IMT Abroad","30","0","D","937167382"<endrec>
"203000000000010806","2015-11-02 08:11:21.063000","","203000000000010806","2015-11-02 08:11:51.427000","","","0","26015000","Max Multiple Account Customer Transfer","30","2","D","937168311"<endrec>
"203000000000010809","2015-12-03 16:28:21.553000","","203000000000010809","2015-12-03 16:28:43.883000","","","0","27015000","Max Monthly Limit in","30","2","C","937174360"<endrec>
"203000000000010809","2015-12-04 17:39:13.628000","","203000000000010809","2015-12-04 17:39:29.431000","","","1","23015000","Min OTC Bill Payment","30","0","R","937174370"<endrec>
"203000000000010809","2015-12-04 17:42:44.537000","","203000000000010809","2015-12-04 17:42:52.739000","","","0","27016000","OTC Daily Limit","30","2","R","937174371"<endrec>
"203000000000010806","2015-12-31 10:21:12.851000","","203000000000010806","2015-12-31 10:21:19.276000","","","0","28015000","Max Monthly Limit Debit","30","2","D","937178539"<endrec>
"203000000000010806","2016-01-13 11:37:06.690000","Test","203000000000010806","2017-01-04 15:38:58.370000","","","0","24017000","IBM IMT Maximum Daily Transfer","50","2","R","937178690"<endrec>
"203000000000010809","2016-01-15 12:25:48.214000","","203000000000010809","2016-01-15 12:25:57.046000","","","0","29015000","Weekly Money In","30","2","C","937179397"<endrec>
"203000000000010806","2016-01-18 10:02:54.580000","Maximum Daily Transfer","203000000000016126","2016-08-22 06:24:34.248000","","","0","29016000","Maximum Daily Transfer","50","2","D","937179401"<endrec>
"203000000000010806","2016-01-18 10:41:06.451000","Max Daily Limit in","203000000000010806","2016-01-18 10:41:18.560000","","","0","29017000","Max Daily Limit in","30","2","C","937179404"<endrec>
"203000000000010806","2016-01-19 07:35:44.724000","","203000000000010806","2016-01-19 07:35:50.323000","","","0","29018000","Weekly Money out","30","2","D","937179411"<endrec>
"203000000000010811","2016-06-21 13:20:33.924000","Maximum Group 2 Group  Transfer Value","203000000000010811","2016-06-21 13:20:50.195000","","","0","30015000","Maximum Group 2 Group Transfer Value","30","0","D","937213621"<endrec>
"203000000000010811","2016-06-21 14:19:16.595000","","203000000000010811","2016-06-21 14:19:29.317000","","","1","30016000","Group 2 group minimum","30","0","D","937213628"<endrec>
"203000000000010811","2016-06-22 08:22:15.103000","","203000000000010811","2016-06-22 08:22:28.670000","","","0","31015000","G2G Maximum Limit","30","1","C","937214543"<endrec>
"203000000000013818","2016-06-28 14:25:25.978000","To apply to the group","203000000000013818","2016-06-28 14:27:30.442000","","","0","31016000","Max group query balance","30","4","NA","937214652"<endrec>
"203000000000013818","2016-06-28 14:26:25.722000","Individual group member limit on balance requests","203000000000013818","2016-06-28 14:27:19.978000","","","0","31017000","Group Member Max Query Group Balance","30","4","NA","937214653"<endrec>
"203000000000010806","2016-06-30 08:02:10.157000","ATM Deposit Transaction value","203000000000014911","2018-01-29 06:45:30.648000","","0","0","32015000","ATM Deposit Transaction value","50","2","C","937215549"<endrec>
"203000000000010806","2016-06-30 08:40:56.956000","ATM Deposit Transaction Value Org","203000000000010806","2016-06-30 08:41:10.072000","","","0","32016000","ATM Deposit Transaction Value Org","30","2","D","937215560"<endrec>
"203000000000015423","2016-07-11 16:22:56.707000","","203000000000015719","2017-03-29 09:14:24.988000","","","0","32017000","Limit Type 01","30","4","NA","937215730"<endrec>
"203000000000015423","2016-07-12 10:53:05.164000","","203000000000016349","2017-01-26 09:30:52.414000","","","0","33015000","Maximum Request Number per Day","30","4","NA","937216540"<endrec>
"203000000000010806","2016-07-26 12:43:17.112000","IBM_Transfer from M-Pesa to Savings Account","203000000000010806","2016-07-26 12:43:28.217000","","","1","34015000","IBM_Transfer from M-Pesa to Savings Account","30","0","D","937217623"<endrec>
"203000000000014910","2016-07-27 13:57:02.667000","","203000000000014910","2016-07-27 13:58:04.765000","","","1","34016000","Minimum atm deposit","30","0","D","937217670"<endrec>
"203000000000014910","2016-07-27 15:46:53.972000","","203000000000014910","2016-07-27 15:46:53.972000","","","1","34016000","Minimum atm deposit","10","0","C","937217680"<endrec>
"203000000000010811","2016-08-01 11:55:02.880000","Group Mini Statement","203000000000010811","2016-08-01 11:55:12.864000","","","0","34017000","Group Mini Statement","30","4","NA","937217796"<endrec>
"203000000000016126","2016-08-03 09:29:22.457000","","203000000000016126","2016-08-03 09:29:44.418000","","","0","35015000","maximum daily transfer from savings account to withdrawal account","30","0","D","937218554"<endrec>
"203000000000016126","2016-08-04 05:53:28.384000","Minimum Deposit Account Balance","203000000000016126","2016-08-04 06:17:48.170000","","","1","18013000","Minimum Deposit Account Balance","50","1","D","937218578"<endrec>
"203000000000016126","2016-08-04 06:15:15.573000","","203000000000016126","2016-08-04 06:18:09.108000","","","1","35016000","minimum deposit account balance","60","1","D","937218579"<endrec>
"203000000000016126","2016-08-04 06:17:32.244000","Minimum Deposit Account Balance","203000000000016126","2016-08-04 06:17:48.198000","","","1","18013000","Minimum Deposit Account Balance","30","1","D","937218580"<endrec>
"203000000000016121","2016-08-08 07:49:01.648000","Maximum Withdrawal Account Daily Transfer","203000000000016121","2016-08-08 07:49:11.936000","","","0","18021000","Maximum Withdrawal Account Daily Transfer","30","2","C","937218619"<endrec>
"203000000000014909","2016-08-08 13:05:59.752000","ATM Deposit Transaction Value daily","203000000000014909","2016-08-08 13:06:09.875000","","","0","35017000","ATM Deposit Transaction Value daily","30","2","C","937218656"<endrec>
"203000000000016121","2016-08-09 17:25:55.552000","Customer Min Mpesa Balance check","203000000000014909","2016-12-29 11:24:00.482000","","","1","35019000","Customer Min Mpesa Balance check","50","0","C","937218721"<endrec>
"203000000000016121","2016-08-10 12:59:50.422000","Maximum Deposit Account Transfer Value","203000000000014909","2016-12-07 14:23:14.795000","","","0","18014000","Maximum Deposit Account Transfer Value","50","0","C","937218753"<endrec>
"203000000000015719","2016-08-11 06:13:29.395000","Test","203000000000015719","2016-08-11 06:13:29.395000","","","0","35020000","Test","10","4","NA","937218781"<endrec>
"203000000000016126","2016-08-11 08:03:48.601000","","203000000000016126","2016-08-11 08:42:54.135000","","","0","35021000","Maximum Value Customer Deposit At ATM","50","0","C","937218793"<endrec>
"203000000000016126","2016-08-11 08:42:46.447000","","203000000000016126","2016-08-11 09:05:16.864000","","","0","35021000","Maximum Value Customer Deposit At ATM","50","0","D","937218795"<endrec>
"203000000000016126","2016-08-11 09:05:09.589000","","203000000000016126","2016-08-11 09:30:28.739000","","","0","35021000","Maximum Value Customer Deposit At ATM","50","0","C","937218801"<endrec>
"203000000000016126","2016-08-11 09:30:20.055000","","203000000000016126","2016-08-11 09:38:01.818000","","","0","35021000","Maximum Value Customer Deposit At ATM","50","2","C","937218805"<endrec>
"203000000000016126","2016-08-11 09:37:52.518000","","203000000000016126","2016-08-11 09:38:01.826000","","","0","35021000","Maximum Value Customer Deposit At ATM","30","0","C","937218807"<endrec>
"203000000000015423","2016-08-15 08:39:47.100000","Maximum MMF Account For Group Balance Check","203000000000015423","2016-08-15 08:39:58.557000","","","0","35022000","Maximum MMF Account For Group Balance Check","30","1","C","937218918"<endrec>
"203000000000015423","2016-08-15 09:36:23.940000","Maximum Transaction Query Count","203000000000015423","2016-08-15 09:38:39.199000","","","0","35023000","Maximum Transaction Query Count","30","4","NA","937218929"<endrec>
"203000000000015423","2016-08-15 12:04:11.051000","Minimum FSI Loan Request","203000000000015423","2016-08-15 12:04:23.198000","","","1","35024000","Minimum FSI Loan Request","30","0","C","937218936"<endrec>
"203000000000015423","2016-08-15 13:32:41.079000","Group Max Mpesa Balance check","203000000000015423","2016-08-15 13:32:49.884000","","","0","35025000","Group Max Mpesa Balance check","30","1","C","937218942"<endrec>
"203000000000015423","2016-08-15 14:13:08.063000","Maximum group to savings transfer value","203000000000015423","2016-08-15 14:13:26.236000","","","0","35026000","Maximum group to savings transfer value","30","0","C","937218949"<endrec>
"203000000000016121","2016-08-15 15:01:35.040000","Maximum Withdrawal Account Transfer Value","203000000000014911","2018-01-30 06:47:34.926000","","0","0","18019000","Maximum Withdrawal Account Transfer Value","50","0","C","937218956"<endrec>
"203000000000016121","2016-08-16 08:47:30.418000","Minimum MMF Account For Group Balance Check","203000000000016121","2016-08-16 08:47:36.093000","","","1","35027000","Minimum MMF Account For Group Balance Check","30","1","D","937218965"<endrec>
"203000000000010811","2016-08-16 09:00:45.565000","","203000000000010811","2016-08-16 09:03:42.402000","","","0","35028000","Maximum ATM Deposit Transaction Value","50","0","D","937218968"<endrec>
"203000000000010811","2016-08-16 09:03:23.886000","Maximum ATM Deposit Transaction Value org","203000000000010811","2016-08-16 09:03:42.410000","","","0","35028000","Maximum ATM Deposit Transaction Value","30","0","D","937218969"<endrec>
"203000000000015423","2016-08-16 12:05:32.709000","Minimum Withdrawal Account Balance Check","203000000000015423","2016-08-16 12:05:44.152000","","","1","35029000","Minimum Withdrawal Account Balance Check","30","1","D","937218987"<endrec>
"203000000000016126","2016-08-16 13:37:35.262000","","203000000000016126","2016-08-16 13:37:41.735000","","","1","35030000","Minimum ATM Deposit","30","0","C","937218996"<endrec>
"203000000000010806","2016-08-17 10:15:29.372000","IBM_Minimum ATM Deposit per Transaction Value","203000000000010806","2016-08-17 10:16:30.463000","","","1","35031000","IBM_Minimum ATM Deposit per Transaction Value","30","0","D","937219027"<endrec>
"203000000000014911","2016-08-18 17:38:30.653000","Query Group Transaction","203000000000014911","2016-08-18 17:39:10.031000","","","0","35032000","Query Group Transaction","30","4","NA","937219097"<endrec>
"203000000000016126","2016-08-22 06:04:22.916000","ATM Deposit Transaction Value weekly","203000000000016126","2016-08-22 06:04:31.757000","","","0","35033000","ATM Deposit Transaction Value weekly","30","0","C","937219154"<endrec>
"203000000000016126","2016-08-22 06:24:24.629000","Maximum Daily Transfer","203000000000016126","2016-08-23 08:37:57.971000","","","0","29016000","Maximum Daily Transfer","50","2","C","937219159"<endrec>
"203000000000016126","2016-08-23 08:14:32.862000","ATM Deposit Transaction Value Org daily","203000000000016126","2016-08-23 08:14:40.685000","","","0","35034000","ATM Deposit Transaction Value Org daily","30","2","D","937219212"<endrec>
"203000000000016126","2016-08-23 08:32:56.201000","Max Daily Debit","203000000000014910","2016-12-07 13:14:24.382000","","","0","35035000","Max Daily Debit","50","2","D","937219217"<endrec>
"203000000000016126","2016-08-23 08:37:48.042000","Maximum Daily Transfer","203000000000036413","2018-10-05 10:48:59.599000","","0","0","29016000","Maximum Daily Transfer","50","2","D","937219218"<endrec>
"203000000000016126","2016-08-23 10:01:19.991000","","203000000000016126","2016-08-23 10:01:30.508000","","","0","35036000","Max Monthly Money Debit","30","2","D","937219225"<endrec>
"203000000000014910","2016-08-24 12:35:47.816000","","203000000000014910","2016-08-24 12:39:29.776000","","","1","35037000","Min Debit per ATM Withdrawal Transaction","30","0","D","937219271"<endrec>
"203000000000014910","2016-08-25 09:49:08.743000","Maximum Debit Organization Withdrawal At ATM","203000000000014910","2016-08-25 09:49:18.775000","","","0","35038000","Maximum Debit Organization Withdrawal At ATM","30","0","D","937219316"<endrec>
"203000000000015717","2016-09-02 09:44:40.226000","Maximum Yearly Money Out","203000000000015717","2016-09-02 09:44:55.467000","","","0","36015000","Maximum Yearly Money Out","30","2","D","937220577"<endrec>
"203000000000016121","2016-09-07 14:20:52.750000","Maximum FSI loan request","203000000000016121","2016-09-07 14:23:45.953000","","","0","36016000","Maximum FSI loan request","50","3","C","937220705"<endrec>
"203000000000016121","2016-09-07 14:23:37.248000","Maximum FSI loan request","203000000000016121","2016-09-07 14:23:45.961000","","","0","36016000","Maximum FSI loan request","30","0","C","937220706"<endrec>
"203000000000010806","2016-09-19 08:51:21.141000","","203000000000010806","2016-09-19 08:51:35.514000","","","0","36017000","CCH Unlock Pin","30","4","NA","937220781"<endrec>
"203000000000014908","2016-09-19 09:23:45.621000","","203000000000014908","2016-09-19 09:23:55.449000","","","1","36018000","Group Savings Loan Disbursement minmun limit","30","0","C","937220784"<endrec>
"203000000000010811","2016-12-07 08:36:48.899000","Maximum Value Customer Withdrawal At Agent","203000000000010811","2016-12-07 08:36:57.611000","","","0","6000","Maximum Value Customer Withdrawal At Agent","30","0","C","937244847"<endrec>
"203000000000014910","2016-12-07 13:07:46.991000","Max Daily Debit","203000000000014910","2016-12-07 13:14:24.388000","","","0","35035000","Max Daily Debit","30","2","D","937245669"<endrec>
"203000000000014909","2016-12-07 13:13:17.290000","Minimum Deposit Account Transfer Value","203000000000014909","2016-12-07 13:13:41.073000","","","1","18015000","Minimum Deposit Account Transfer Value","30","0","C","937245673"<endrec>
"203000000000014909","2016-12-07 14:23:07.283000","Maximum Deposit Account Transfer Value","203000000000014909","2016-12-07 14:23:14.798000","","","0","18014000","Maximum Deposit Account Transfer Value","30","0","D","937245683"<endrec>
"203000000000010811","2016-12-12 05:55:27.210000","Minimum Agent deposit","203000000000014909","2016-12-15 10:36:17.777000","","","1","37015000","Minimum Agent deposit","50","0","D","937246662"<endrec>
"203000000000010806","2016-12-14 08:53:47.622000","Maximum Agent Store Business Withdrawal Value","203000000000014909","2016-12-15 11:39:13.770000","","","0","38015000","Maximum Agent Store Business Withdrawal Value","50","0","D","937248691"<endrec>
"203000000000010811","2016-12-14 10:08:15.226000","Minimum Agent MMF to float transfer","203000000000010811","2016-12-14 10:08:44.409000","","","1","38016000","Minimum Agent MMF to float transfer","30","0","C","937248699"<endrec>
"203000000000010806","2016-12-14 12:15:04.863000","Minimum Agent float to MMF Transfer","203000000000010806","2016-12-14 12:15:17.978000","","","1","38017000","Minimum Agent float to MMF Transfer","30","0","D","937248715"<endrec>
"203000000000014909","2016-12-15 09:18:27.899000","Maximum Customer Pay Utility Transaction Value","203000000000014909","2016-12-15 09:18:40.123000","","","0","1014000","Maximum Customer Pay Utility Transaction Value","30","0","D","937249710"<endrec>
"203000000000014909","2016-12-15 09:37:49.656000","Minimum Customer Pay Utility Transaction Value","203000000000014909","2016-12-15 09:37:56.809000","","","1","1015000","Minimum Customer Pay Utility Transaction Value","30","0","D","937249714"<endrec>
"203000000000014909","2016-12-15 10:36:09.821000","Minimum Agent deposit","203000000000014909","2016-12-15 10:36:17.779000","","","1","37015000","Minimum Agent deposit","30","0","C","937249725"<endrec>
"203000000000014909","2016-12-15 11:34:18.101000","Maximum Agent Store Business Withdrawal Value","203000000000014909","2016-12-15 11:39:13.773000","","","0","38015000","Maximum Agent Store Business Withdrawal Value","30","0","C","937249736"<endrec>
"203000000000010806","2016-12-16 06:56:33.725000","Maximum Agent MMF to float transfer total amount","203000000000010806","2016-12-16 06:56:53.699000","","","0","39015000","Maximum Agent MMF to float transfer total amount","30","2","D","937249761"<endrec>
"203000000000010806","2016-12-16 07:11:23.072000","Maximum cumulative daily MMF Account limit","203000000000010806","2016-12-16 07:11:30.771000","","","0","39016000","Maximum cumulative daily MMF Account limit","30","2","D","937249767"<endrec>
"203000000000010811","2016-12-16 07:32:58.883000","Maximum cumulative Monthly MMF Account limit","203000000000010811","2016-12-16 07:33:11.340000","","","0","39017000","Maximum cumulative Monthly MMF Account limit","30","2","D","937249770"<endrec>
"203000000000010806","2016-12-16 08:30:09.356000","Maximum Business Customer Utility weekly Transfer","203000000000010806","2016-12-16 08:30:17.258000","","","0","39018000","Maximum Business Customer Utility weekly Transfer","30","2","D","937249782"<endrec>
"203000000000010806","2016-12-16 08:42:13.362000","Maximum Business Customer Utility monthly Transfer","203000000000010806","2016-12-16 08:42:24.746000","","","0","39019000","Maximum Business Customer Utility monthly Transfer","30","2","D","937249787"<endrec>
"203000000000010811","2016-12-16 09:12:55.174000","Maximum cumulative Business Customer Daily","203000000000010811","2016-12-16 09:20:16.119000","","","0","39020000","Maximum cumulative Business Customer Daily","50","2","C","937249797"<endrec>
"203000000000010811","2016-12-16 09:19:59.132000","Maximum cumulative Business Customer Daily","203000000000010811","2016-12-16 09:20:16.123000","","","0","39020000","Maximum cumulative Business Customer Daily","30","2","D","937249800"<endrec>
"203000000000010806","2016-12-16 09:43:56.001000","Maximum C2B Utility Daily Credit","203000000000010806","2016-12-16 09:44:06.877000","","","0","39021000","Maximum C2B Utility Daily Credit","30","2","C","937249802"<endrec>
"203000000000010806","2016-12-16 09:49:06.631000","Maximum C2B Utility weekly Credit","203000000000010806","2016-12-16 09:49:20.501000","","","0","39022000","Maximum C2B Utility weekly Credit","30","2","C","937249806"<endrec>
"203000000000010806","2016-12-16 09:54:31.128000","Maximum C2B Utility monthly Credit","203000000000010806","2016-12-16 09:54:52.206000","","","0","39023000","Maximum C2B Utility monthly Credit","30","2","C","937249809"<endrec>
"203000000000014911","2016-12-16 11:07:14.429000","Maximum Yearly Money In","203000000000014911","2016-12-16 11:11:49.829000","","","0","17000","Maximum Yearly Money In","50","2","D","937249822"<endrec>
"203000000000014911","2016-12-16 11:10:30.009000","Maximum Yearly Money In","203000000000014911","2016-12-16 11:11:49.833000","","","0","17000","Maximum Yearly Money In","30","2","C","937249823"<endrec>
"203000000000014911","2016-12-28 09:36:00.887000","Minimum Airtime Purchase Account Balance","203000000000014911","2016-12-28 09:36:17.225000","","","1","40015000","Minimum Airtime Purchase Account Balance","30","1","D","937253752"<endrec>
"203000000000014911","2016-12-28 10:10:04.216000","Maximum Airtime Purchase Account Balance","203000000000014911","2016-12-28 10:10:17.811000","","","0","40016000","Maximum Airtime Purchase Account Balance","30","1","C","937253757"<endrec>
"203000000000014909","2016-12-29 10:28:50.877000","Customer Min Mpesa Balance check","203000000000014909","2017-02-06 14:19:14.066000","","","1","35019000","Customer Min Mpesa Balance check","50","0","D","937253787"<endrec>
"203000000000016350","2017-01-02 10:14:10.120000","","203000000000016350","2017-01-02 10:30:31.850000","","","0","41015000","Maximum Retry Limit - Airtime Purchase","50","3","R","937254716"<endrec>
"203000000000017402","2017-01-02 10:20:39.901000","Max accumulated Yearly Balance for customer","203000000000017402","2017-01-02 10:20:51.654000","","","0","41016000","Max accumulated Yearly Balance for customer","30","1","C","937254717"<endrec>
"203000000000016350","2017-01-02 10:30:17.068000","","203000000000016350","2017-01-02 11:06:32.718000","","","0","41015000","Maximum Retry Limit - Airtime Purchase","60","3","D","937254719"<endrec>
"203000000000010806","2017-01-04 15:38:49.946000","Test","203000000000010806","2017-01-04 15:38:58.379000","","","0","24017000","IBM IMT Maximum Daily Transfer","30","2","D","937254804"<endrec>
"203000000000016421","2017-01-05 05:17:53.116000","","203000000000016421","2017-01-05 05:17:53.116000","","","0","35036000","Max Monthly Money Debit","10","2","D","937254807"<endrec>
"203000000000013818","2017-01-20 20:05:08.172000","Maximum Daily Customer Debit Value Cross Currency","203000000000013818","2017-01-20 20:09:46.110000","","","0","42015000","Maximum Daily Customer Debit Value Cross Currency","30","2","D","937258802"<endrec>
"203000000000013818","2017-01-20 20:06:56.178000","Maximum cumulative Monthly MMF Account limit Cross Currency","203000000000013818","2017-01-20 20:09:34.076000","","","0","42016000","Maximum cumulative Monthly MMF Account limit Cross Currency","30","2","D","937258803"<endrec>
"203000000000013818","2017-01-20 20:09:05.469000","Maximum cumulative daily cash in MMF Account limit Cross Currency","203000000000013818","2017-01-20 20:09:18.638000","","","0","42017000","Maximum cumulative daily cash in MMF Account limit Cross Currency","30","2","C","937258804"<endrec>
"203000000000014911","2017-01-24 08:24:09.092000","Maximum Customer Transfer_WU","203000000000014911","2017-01-24 08:25:35.003000","","","0","43015000","Maximum Customer Transfer_WU","30","0","C","937260684"<endrec>
"203000000000014911","2017-01-24 10:41:37.509000","Maximum WU Organization Transfer","203000000000014911","2017-01-24 10:41:52.980000","","","0","43016000","Maximum WU Organization Transfer","30","0","D","937260701"<endrec>
"203000000000014911","2017-02-06 13:10:37.510000","Minimum Withdrawal Account Value","203000000000014911","2017-02-06 13:11:42.091000","","","1","44015000","Minimum Withdrawal Value","30","0","D","937262796"<endrec>
"203000000000014909","2017-02-06 14:09:32.815000","Customer Min Mpesa Balance check","203000000000014909","2017-02-06 14:20:30.015000","","","1","35019000","Customer Min Mpesa Balance check","60","0","D","937262809"<endrec>
"203000000000014909","2017-02-06 14:20:52.801000","Customer Min Mpesa Balance check1","203000000000014909","2017-02-06 14:21:04.882000","","","1","44016000","Customer Min Mpesa Balance check1","30","1","D","937262813"<endrec>
"203000000000014911","2017-02-07 05:53:26.963000","Maximum Agent Business Withdraw Value","203000000000014911","2017-02-07 05:53:54.562000","","","0","44017000","Maximum Agent Business Withdraw Value","30","0","D","937262830"<endrec>
"203000000000010811","2017-02-07 10:29:24.501000","","203000000000010811","2017-02-07 10:29:37.403000","","","1","44018000","Minimum MMF Account For Customer Balance","30","1","D","937262849"<endrec>
"203000000000010806","2017-02-07 14:50:07.804000","Finance Limit","203000000000010806","2017-02-07 14:50:18.185000","","","0","44019000","Finance Limit","30","3","D","937262861"<endrec>
"203000000000010806","2017-02-15 07:50:31.199000","Minimum Business Pay Bill","203000000000010806","2017-02-15 07:50:51.049000","","","1","45015000","Minimum Business Pay Bill","30","0","D","937265732"<endrec>
"203000000000010811","2017-02-16 07:59:03.722000","","203000000000010811","2017-02-16 07:59:10.923000","","","0","45016000","Maximum Buy Goods Limit","30","0","D","937265781"<endrec>
"203000000000014911","2017-02-24 10:11:34.027000","Customer Cumulative Balance Check","203000000000014911","2017-02-24 10:11:48.121000","","","0","46015000","Customer Cumulative Balance Check","30","1","C","937277830"<endrec>
"203000000000010811","2017-02-24 10:22:26.277000","","203000000000010811","2017-02-24 10:22:35.813000","","","0","46016000","Cumulative Balance","30","1","C","937277833"<endrec>
"203000000000020211","2017-03-17 03:46:40.641000","Point amount max","203000000000020211","2017-03-17 03:46:50.729000","","","0","47015000","Point amount max","30","8","NA","937289818"<endrec>
"203000000000020211","2017-03-17 03:53:05.507000","Point Balance Max","203000000000020211","2017-03-17 03:53:12.342000","","","0","47016000","Point Balance Max","30","7","NA","937289820"<endrec>
"203000000000015719","2017-03-29 09:10:50.522000","","203000000000015719","2017-03-29 09:10:50.522000","","","0","48015000","testet","10","4","NA","937302863"<endrec>
"203000000000015719","2017-03-29 09:42:51.814000","","203000000000015719","2017-03-29 09:42:51.814000","","","0","48016000","LimitType654","10","4","NA","937302870"<endrec>
"203000000000015719","2017-03-29 10:16:09.629000","","203000000000015719","2017-03-29 10:18:57.655000","","","0","48017000","LimitType304","30","4","NA","937302877"<endrec>
"203000000000016350","2017-04-05 20:37:05.829000","Maximum Accumulated yearly balance","203000000000016350","2017-04-05 20:37:16.366000","","","0","49015000","Maximum Accumulated yearly balance","30","1","C","937309875"<endrec>
"203000000000015719","2017-04-24 12:25:30.508000","","203000000000015719","2017-04-24 12:26:56.261000","","","0","50015000","LimitType751","30","4","NA","937327910"<endrec>
"203000000000019602","2017-05-17 11:36:26.222000","","203000000000019602","2017-05-17 11:37:48.900000","","","0","51015000","LimitType115","30","4","NA","937340959"<endrec>
"203000000000015718","2017-05-24 12:33:06.307000","","203000000000015718","2017-05-24 12:35:44.869000","","","0","52015000","Limit Type 11","30","0","C","937345897"<endrec>
"203000000000019602","2017-06-20 08:50:53.742000","","203000000000019602","2017-06-20 08:51:18.891000","","","0","53015000","LimitType234","30","4","NA","937360044"<endrec>
"203000000000019602","2017-06-20 09:30:01.713000","","203000000000019602","2017-06-20 09:30:24.222000","","","0","54015000","LimitType253","30","4","NA","937360996"<endrec>
"203000000000025007","2017-07-04 07:29:40.220000","","203000000000025007","2017-07-04 07:30:10.094000","","","0","55015000","LimitType988","30","4","NA","937371558"<endrec>
"203000000000025007","2017-07-18 12:53:24.918000","","203000000000025007","2017-07-18 12:53:53.810000","","","0","56015000","LimitType143","30","4","NA","937376495"<endrec>
"203000000000014911","2017-07-21 13:35:36.853000","Maximum Group Loan Account Balance","203000000000014911","2017-07-21 13:35:49.594000","","","0","56016000","Maximum Group Loan Account Balance","30","1","C","937376662"<endrec>
"203000000000025006","2017-07-26 13:48:35.042000","","203000000000025006","2017-07-26 13:48:57.730000","","","0","57015000","LimitType376","30","4","NA","937377519"<endrec>
"203000000000015728","2017-08-21 11:26:02.431000","Maximum Customer Send Money reversal Limit","203000000000015728","2017-08-21 11:27:48.829000","","","0","58015000","Maximum Customer Send Money reversal Limit","50","3","D","937392652"<endrec>
"203000000000015728","2017-08-21 11:27:40.568000","Maximum Customer Send Money reversal Limit","203000000000022402","2017-09-05 05:42:54.342000","","","0","58015000","Maximum Customer Send Money reversal Limit","50","3","I","937392653"<endrec>
"203000000000024610","2017-08-22 10:32:48.078000","LimitType098","203000000000024610","2017-08-22 10:35:15.995000","","","0","58016000","LimitType098","30","3","C","937392684"<endrec>
"203000000000010811","2017-09-04 11:30:32.056000","Max limit for send money","203000000000010811","2017-09-14 12:24:35.641000","","","0","59015000","Max limit for send money","50","0","D","937396994"<endrec>
"203000000000010806","2017-09-04 11:34:28.561000","","203000000000010806","2017-11-06 08:30:40.868000","","","0","59016000","Test Send Money Init","50","2","I","937396996"<endrec>
"203000000000022402","2017-09-04 12:00:42.783000","zhou test cus send money revesal count","203000000000022402","2017-09-04 12:00:59.823000","","","0","59017000","zhou test cus send money revesal count","30","3","R","937396999"<endrec>
"203000000000024612","2017-09-05 04:42:06.842000","","203000000000024612","2017-09-15 09:17:05.674000","","","0","60015000","aabb","50","0","C","937397930"<endrec>
"203000000000022402","2017-09-05 05:42:46.979000","Maximum Customer Send Money reversal Limit","203000000000010811","2017-09-14 12:27:45.093000","","","0","58015000","Maximum Customer Send Money reversal Limit","50","3","C","937398931"<endrec>
"203000000000019602","2017-09-12 11:11:50.769000","","203000000000019602","2017-09-12 11:13:05.170000","","","0","61015000","LimitType416","30","4","NA","937404952"<endrec>
"203000000000010811","2017-09-14 12:24:28.426000","Max limit for send money","203000000000010811","2017-09-14 12:24:35.653000","","","0","59015000","Max limit for send money","30","0","I","937408049"<endrec>
"203000000000010811","2017-09-14 12:27:37.120000","Maximum Customer Send Money reversal Limit","203000000000024612","2017-09-15 09:41:51.447000","","","0","58015000","Maximum Customer Send Money reversal Limit","50","3","I","937408050"<endrec>
"203000000000024612","2017-09-15 09:16:56.191000","","203000000000024612","2017-09-15 09:21:44.528000","","","0","60015000","aabb","50","0","I","937409011"<endrec>
"203000000000024612","2017-09-15 09:21:35.150000","","203000000000014912","2018-04-26 10:05:44.041000","","0","0","60015000","aabb","50","3","I","937409013"<endrec>
"203000000000024612","2017-09-15 09:41:43.386000","Maximum Customer Send Money reversal Limit","203000000000024612","2017-09-15 09:47:40.925000","","","0","58015000","Maximum Customer Send Money reversal Limit","50","3","C","937409014"<endrec>
"203000000000024612","2017-09-15 09:47:31.085000","Maximum Customer Send Money reversal Limit","203000000000024612","2017-09-15 09:47:40.928000","","","0","58015000","Maximum Customer Send Money reversal Limit","30","3","I","937409015"<endrec>
"203000000000015728","2017-09-19 13:06:10.443000","Maximum ORG_Opr deposit reversal Limit","203000000000015728","2017-09-19 13:06:19.098000","","","0","62015000","Maximum ORG_Opr deposit reversal Limit","30","3","I","937411124"<endrec>
"203000000000015702","2017-10-30 09:09:23.588000","","203000000000015702","2017-10-30 09:09:23.588000","","","0","63015000","Limit Type test","10","4","NA","937421146"<endrec>
"203000000000010806","2017-11-06 08:30:15.947000","","203000000000016350","2017-11-15 09:48:02.975000","","","0","59016000","Test Send Money Init","50","2","I","937423146"<endrec>
"203000000000010806","2017-11-06 08:33:35.570000","","203000000000010806","2017-11-06 08:33:49.564000","","","0","64015000","Cross Currency","30","2","D","937423147"<endrec>
"203000000000025007","2017-11-10 22:38:36.719000","","203000000000025007","2017-11-10 22:39:02.768000","","","0","65015000","LimitType212","30","4","NA","937426153"<endrec>
"203000000000016350","2017-11-15 09:47:52.817000","","203000000000016350","2017-11-15 09:48:02.983000","","","0","59016000","Test Send Money Init","30","2","D","937428197"<endrec>
"203000000000014912","2017-11-15 11:10:36.746000","Minimum Business Payment To Unregistered Customer","203000000000014912","2017-11-15 11:11:45.768000","","","1","66015000","Minimum Business Payment To Unregistered Customer","30","0","D","937428205"<endrec>
"203000000000025007","2017-12-27 14:59:33.531000","","203000000000025007","2017-12-27 14:59:59.419000","0","0","0","67015000","LimitType518","30","4","NA","937443252"<endrec>
"203000000000026608","2018-01-11 07:03:28.679000","","203000000000026608","2018-01-11 07:04:05.033000","0","0","0","68015000","test","30","10","NA","937451329"<endrec>
"203000000000010806","2018-01-24 08:44:19.583000","","203000000000010806","2018-01-24 08:44:19.583000","0","0","0","69015000","Group Balance check","10","4","NA","937459352"<endrec>
"203000000000014911","2018-01-29 06:45:22.250000","ATM Deposit Transaction value","203000000000014911","2018-01-29 06:45:30.656000","0","0","0","32015000","ATM Deposit Transaction value","30","2","D","937460319"<endrec>
"203000000000014911","2018-01-30 06:47:27.449000","Maximum Withdrawal Account Transfer Value","203000000000014911","2018-01-30 06:47:34.932000","0","0","0","18019000","Maximum Withdrawal Account Transfer Value","30","0","D","937460364"<endrec>
"203000000000014911","2018-02-01 06:18:29.600000","Min Debit Per ATM Deposit Transaction value","203000000000014911","2018-02-01 06:18:49.496000","0","0","1","70015000","Min Debit Per ATM Deposit Transaction value","30","0","D","937461323"<endrec>
"203000000000014911","2018-02-06 06:10:47.297000","Maximum Daily Credit Limit For Group","203000000000014911","2018-02-06 06:10:54.952000","0","0","0","70016000","Maximum Daily Credit Limit For Group","30","2","C","937461423"<endrec>
"203000000000010806","2018-02-28 15:01:21.190000","","203000000000010806","2018-02-28 15:01:31.527000","0","0","0","71015000","Duplicate B2C","30","5","D","937464419"<endrec>
"203000000000019121","2018-03-08 11:26:38.705000","Maximum Accumulated monthly balance","203000000000019121","2018-03-08 11:27:13.991000","0","0","0","72015000","Maximum Accumulated monthly balance","30","1","C","937467627"<endrec>
"203000000000014912","2018-03-19 05:07:32.781000","","203000000000014912","2018-03-19 05:13:09.013000","0","0","1","73015000","Authorization Limit","30","10","NA","937469624"<endrec>
"203000000000015728","2018-03-20 08:21:50.561000","org_max_account_count","203000000000015728","2018-03-20 08:22:10.085000","0","0","0","74015000","org_max_account_count","30","4","NA","937470562"<endrec>
"203000000000010811","2018-03-21 08:54:22.705000","Max ATM Debit transaction","203000000000010811","2018-03-21 08:54:51.369000","0","0","0","74016000","Max ATM Debit transaction","30","0","D","937470623"<endrec>
"203000000000014912","2018-04-26 10:05:36.634000","","203000000000014912","2018-04-26 10:05:44.046000","0","0","0","60015000","aabb","30","3","I","937483538"<endrec>
"203000000000010806","2018-05-10 16:48:51.492000","Query Group Balance Count","203000000000010806","2018-05-10 16:49:05.267000","0","0","0","75015000","Query Group Balance Count","30","3","I","937487672"<endrec>
"203000000000015423","2018-05-11 05:19:15.473000","AuthorizationLimit_R4Q6","203000000000015423","2018-05-11 07:20:06.644000","0","0","0","75016000","AuthorizationLimit_R4Q6","50","10","NA","937487673"<endrec>
"203000000000015423","2018-05-11 07:19:58.390000","AuthorizationLimit_R4Q6","203000000000015423","2018-05-11 10:11:44.396000","0","0","1","75016000","AuthorizationLimit_R4Q6","50","10","NA","937487677"<endrec>
"203000000000010811","2018-05-11 09:59:20.479000","","203000000000016349","2018-05-18 09:59:42.637000","0","0","0","76015000","R4Q6 test","50","10","NA","937488597"<endrec>
"203000000000015423","2018-05-11 10:11:35.940000","AuthorizationLimit_R4Q6","203000000000015423","2018-05-11 10:17:15.843000","0","0","0","75016000","AuthorizationLimit_R4Q6","50","10","NA","937488600"<endrec>
"203000000000015423","2018-05-11 10:17:06.970000","AuthorizationLimit_R4Q6","203000000000015423","2018-05-11 10:17:15.856000","0","0","1","75016000","AuthorizationLimit_R4Q6","30","10","NA","937488601"<endrec>
"203000000000015719","2018-05-11 17:07:00.028000","","203000000000015719","2018-05-11 17:07:35.728000","0","0","0","76016000","LimitType611","30","4","NA","937488636"<endrec>
"203000000000014912","2018-05-14 06:47:46.586000","","203000000000014912","2018-05-14 06:47:59.724000","0","0","0","77015000","NewAuthorizationLimit0514","30","10","NA","937489586"<endrec>
"203000000000014912","2018-05-14 07:04:37.105000","","203000000000014912","2018-05-14 07:04:48.617000","0","0","0","77016000","AuthorizationLimitOrgOp","30","10","NA","937489589"<endrec>
"203000000000026608","2018-05-16 10:43:41.996000","","203000000000026608","2018-05-16 10:45:58.300000","0","0","0","78015000","TransactionLimit","30","10","NA","937491602"<endrec>
"203000000000026608","2018-05-17 10:37:45.800000","","203000000000026608","2018-05-18 12:47:29.219000","0","0","0","79015000","TransactionLimit1470","50","10","NA","937492618"<endrec>
"203000000000010811","2018-05-17 12:18:30.672000","Group max loan request","203000000000010811","2018-05-17 12:18:48.231000","0","0","0","79016000","Group max loan request","30","2","C","937492646"<endrec>
"203000000000034713","2018-05-18 08:30:40.072000","Maximum Customer Transfer Limit in AUD","203000000000034713","2018-05-18 08:32:03.091000","0","0","0","80015000","Maximum Customer Transfer Limit Test","30","0","D","937494606"<endrec>
"203000000000016349","2018-05-18 09:59:33.498000","","203000000000016349","2018-05-18 10:00:51.402000","0","0","1","76015000","R4Q6 test","50","10","NA","937494620"<endrec>
"203000000000016349","2018-05-18 10:00:42.546000","","203000000000016349","2018-05-18 10:00:51.409000","0","0","0","76015000","R4Q6 test","30","10","NA","937494621"<endrec>
"203000000000026608","2018-05-18 12:11:40.200000","","203000000000026608","2018-05-18 12:46:54.777000","0","0","0","80016000","TransactionLimit1470one","50","10","NA","937494633"<endrec>
"203000000000026608","2018-05-18 12:27:24.202000","","203000000000026608","2018-05-18 12:47:35.075000","0","0","1","80016000","TransactionLimit1470one","50","10","NA","937494638"<endrec>
"203000000000026608","2018-05-18 12:47:05.607000","","203000000000026608","2018-05-18 12:47:35.088000","0","0","0","80016000","TransactionLimit1470one","30","10","NA","937495585"<endrec>
"203000000000026608","2018-05-18 12:47:22.579000","","203000000000026608","2018-05-18 12:47:29.228000","0","0","1","79015000","TransactionLimit1470","30","10","NA","937495586"<endrec>
"203000000000019121","2018-05-18 14:27:20.046000","Maximum B2B transfer","203000000000014911","2018-06-12 07:07:47.228000","0","0","0","12013000","Maximum B2B transfer","50","0","I","937495597"<endrec>
"203000000000015719","2018-06-07 07:29:42.046000","","203000000000015719","2018-06-07 07:30:09.563000","0","0","0","81015000","LimitType719","30","4","NA","937502757"<endrec>
"203000000000015719","2018-06-07 14:35:37.084000","","203000000000015719","2018-06-07 14:36:08.714000","0","0","0","82015000","LimitType141","30","4","NA","937507739"<endrec>
"203000000000014911","2018-06-12 07:07:40.492000","Maximum B2B transfer","203000000000014911","2018-06-12 07:07:47.251000","0","0","0","12013000","Maximum B2B transfer","30","0","D","937509739"<endrec>
"203000000000019602","2018-06-12 09:11:06.200000","","203000000000019602","2018-06-12 09:11:36.424000","0","0","0","83015000","LimitType462","30","4","NA","937509750"<endrec>
"203000000000019602","2018-06-13 13:38:30.545000","","203000000000019602","2018-06-13 13:39:00.655000","0","0","0","83016000","LimitType247","30","4","NA","937509809"<endrec>
"203000000000019602","2018-06-14 06:32:23.506000","","203000000000019602","2018-06-14 06:32:52.067000","0","0","0","83017000","LimitType488","30","4","NA","937509837"<endrec>
"203000000000019602","2018-06-15 13:11:05.809000","","203000000000019602","2018-06-15 13:11:34.996000","0","0","0","83018000","LimitType656","30","4","NA","937509933"<endrec>
"203000000000019602","2018-06-18 11:09:24.537000","","203000000000019602","2018-06-18 11:09:54.823000","0","0","0","83019000","LimitType791","30","4","NA","937509978"<endrec>
"203000000000031306","2018-06-20 09:46:09.508000","","203000000000031306","2018-06-20 09:58:47.055000","0","0","0","83020000","TransactionLimit194","30","10","NA","937510129"<endrec>
"203000000000014909","2018-06-26 08:05:06.076000","AuthorizationLimit_Automation_DonotEdit","203000000000014909","2018-06-26 08:05:16.845000","0","0","1","83021000","AuthorizationLimit_Automation_DonotEdit","30","10","NA","937510403"<endrec>
"203000000000019116","2018-07-20 16:08:50.079000","","203000000000019116","2018-07-20 16:09:23.974000","0","0","0","84015000","LimitType372","30","4","NA","937514884"<endrec>
"203000000000035860","2018-07-30 09:20:59.619000","","203000000000035860","2018-07-30 09:21:34.227000","0","0","0","85015000","LimitType674","30","4","NA","937515812"<endrec>
"203000000000034103","2018-08-15 08:56:48.915000","test group voucher count for initiator","203000000000034103","2018-08-15 08:57:02.668000","0","0","0","86015000","test group voucher count for initiator","30","3","I","937516731"<endrec>
"203000000000035847","2018-09-19 22:55:33.077000","","203000000000035847","2018-09-19 22:56:02.683000","0","0","0","87015000","LimitType922","30","4","NA","937532752"<endrec>
"203000000000035847","2018-09-20 15:25:57.967000","","203000000000035847","2018-09-20 15:26:27.251000","0","0","0","87016000","LimitType729","30","4","NA","937532792"<endrec>
"203000000000035847","2018-09-21 17:06:27.629000","","203000000000035847","2018-09-21 17:06:59.796000","0","0","0","87017000","LimitType997","30","4","NA","937532881"<endrec>
"203000000000014912","2018-09-27 12:48:23.727000","Minimum Payment To Unregistered Customer","203000000000014912","2018-09-27 12:48:42.606000","0","0","1","88015000","Minimum Payment To Unregistered Customer","30","0","C","937533793"<endrec>
"203000000000036413","2018-10-05 10:48:48.393000","Maximum Daily Transfer","203000000000036413","2018-10-05 10:48:59.612000","0","0","0","29016000","Maximum Daily Transfer","30","2","C","937535895"<endrec>
"203000000000015423","2018-11-21 07:30:27.444000","","203000000000015423","2018-11-21 07:31:55.171000","0","0","0","89015000","Max Monthly Money Debit for Group ATM Withdrawal","30","2","D","937547751"<endrec>
"203000000000019602","2019-03-04 07:13:46.344000","","203000000000019602","2019-03-04 07:14:19.413000","0","0","0","90015000","LimitType951","30","4","NA","937583820"<endrec>
"203000000000035847","2019-03-04 14:45:19.570000","","203000000000035847","2019-03-04 14:45:48.636000","0","0","0","90016000","LimitType238","30","4","NA","937583856"<endrec>
"203000000000010811","2019-04-15 10:08:58.032000","","203000000000010811","2019-04-15 10:09:09.734000","0","0","0","91015000","OpenAPI Max B2C","30","0","D","937595770"<endrec>
"203000000000010811","2019-04-15 10:22:45.832000","","203000000000010811","2019-04-15 10:22:55.077000","0","0","1","91016000","OpenAPIMin","30","0","D","937595775"<endrec>
"203000000000010811","2019-04-15 10:34:35.840000","OpenAPICustBalance","203000000000010811","2019-04-15 10:34:53.675000","0","0","0","91017000","OpenAPICustBalance","30","1","C","937595778"<endrec>
"203000000000010811","2019-04-15 12:10:27.447000","OpenAPIC2BMax","203000000000010811","2019-04-15 12:10:43.339000","0","0","0","91018000","OpenAPIC2BMax","30","0","D","937595784"<endrec>
"203000000000010811","2019-04-15 14:09:03.194000","OpenAPIC2BMin","203000000000010811","2019-04-15 14:09:18.971000","0","0","1","91019000","OpenAPIC2BMin","30","0","D","937595787"<endrec>
"203000000000019116","2019-04-24 12:59:44.902000","","203000000000019116","2019-04-24 13:00:11.260000","0","0","0","92015000","LimitType112","30","4","NA","937597759"<endrec>
"203000000000019116","2019-04-24 15:28:43.049000","","203000000000019116","2019-04-24 15:29:09.578000","0","0","0","92016000","LimitType442","30","4","NA","937597781"<endrec>
"203000000000019116","2019-04-26 12:50:12.368000","","203000000000019116","2019-04-26 12:50:38.085000","0","0","0","93015000","LimitType363","30","4","NA","937599762"<endrec>
"203000000000039809","2019-05-20 05:41:17.447000","","203000000000039809","2019-05-20 05:41:43.120000","0","0","1","94015000","min transfer limit test01","30","0","D","937607768"<endrec>
"203000000000042502","2019-08-15 17:20:57.847000","","203000000000042502","2019-08-15 17:21:27.527000","0","0","0","106015000","LimitType348","30","4","NA","937619847"<endrec>
"203000000000042502","2019-08-19 12:41:55.542000","","203000000000042502","2019-08-19 12:42:56.570000","0","0","0","106016000","LimitType466","30","4","NA","937619885"<endrec>
"203000000000044008","2019-10-03 07:09:54.273000","Maximum Customer Transfer Limit in AUD","203000000000044008","2019-10-03 07:09:54.273000","0","0","0","80015000","Maximum Customer Transfer Limit Test","10","0","D","937664898"<endrec>
"203000000000044008","2019-10-03 11:54:58.353000","Maximum Agent Store Float Account Transfer Value 09","203000000000044008","2019-10-03 11:54:58.353000","0","0","0","26000","Maximum Agent Store Float Account Transfer Value","10","0","D","937664906"<endrec>
"203000000000052203","2020-01-09 09:37:02.867000","testing limit type","203000000000052203","2020-01-09 09:37:02.867000","0","0","1","165015000","Test limit Type","10","0","D","937698764"<endrec>
