BUSINESS_SCOPE,CHARGE_CATEGORY_TYPE,CHARGE_CREDIT_PARTY_MESSAGE,CHARGE_DEBIT_PARTY_MESSAGE,CHARGE_PAYER,CHARGE_PROFILE_FROMS,CHARGE_RECEIVER,CHARGE_TYPE_DESCRIPTION,CHARGE_TYPE_ID,CHARGE_TYPE_NAME,CHARGING_MODE,CREATE_OPER_ID,CREATE_OPER_TIME,DYNAMIC_VALUE,EFFECTIVE_MODE,LAST_OPER_ID,LAST_OPER_TIME,LOAD_DATA_TS,NEED_ALTERNATIVE_CHARGE,PRINCIPLE_TYPE,STATUS,UNIQUE_ID                                                                                                                                                                                                                                                                                                                                                                                                                                                                                                                                                                                                                                                        <endrec>
"3","1","Float Balance Statement Charge","Float Balance Statement Charge","1001","1001","1005","Fee for Agency Float Balance Statement SMS","10000002","Fee for Agency Float Balance Statement SMS","","203000000000010002","2014-03-10 14:18:39.683000","","0","203000000000010002","2014-03-10 14:19:17.593000","","0","27","30","20008"<endrec>
"3","1","{ChargeReceiver}","{ChargePayer}","1001","1001","1005","Fee For Agent Balance SMS","10000003","Fee For Agent Balance SMS","","203000000000010002","2014-03-10 16:29:37.267000","","0","203000000000010002","2014-03-10 16:29:42.449000","","0","21","30","20025"<endrec>
"3","1","{ChargeReceiver}","{ChargePayer}","1001","1001","1005","Fee For Customer Balance SMS","10000004","Fee For Customer Balance SMS","","203000000000010002","2014-03-10 16:59:43.076000","","0","203000000000021013","2017-05-11 11:11:01.970000","","0","21","50","20030"<endrec>
"2","1","B2C Payment Charge","B2C Payment Charge","1004","1004","1005","Fee For B2C Payment","10000005","Fee For B2C Payment","","203000000000010002","2014-03-10 17:48:55.953000","","0","203000000000010002","2014-04-03 14:05:06.406000","","0","20004","30","20038"<endrec>
"3","1","Change PIN request by {ChargePayer}","Customer PIN change","1002","1002","1005","Customer Change PIN Charge","10000015","Customer Change PIN Charge","","203000000000010002","2014-03-11 19:54:55.805000","","0","203000000000010002","2014-03-21 14:32:03.501000","","0","27","50","20092"<endrec>
"3","1","Change PIN request by {ChargePayer}","Organization Operator PIN Change","1002","1002","1005","Change PIN at Agent Till Charge","10000016","Change PIN at Agent Till Charge","","203000000000010002","2014-03-11 19:56:04.393000","","0","203000000000010002","2014-03-21 14:31:35.746000","","0","27","50","20093"<endrec>
"3","1","Change PIN request by {ChargePayer}","Activate A New Customer Charge","1001","1001","1005","Activate A New Customer Charge","10000017","Activate A New Customer Charge","","203000000000010002","2014-03-11 19:57:37.218000","","0","203000000000014908","2016-12-02 02:16:59.096000","","0","27","50","20094"<endrec>
"2","5","Business Payment With Withdrawal Fee received from {ChargePayer}","Business Payment With Withdrawal","1004","1004","1003","Fee For B2C Payment Withdrawal Charge Paid To Customer","10000018","Fee For B2C Payment Withdrawal Charge Paid To Customer","","203000000000010002","2014-03-11 20:07:06.905000","","0","203000000000010002","2014-04-03 14:30:57.193000","","0","20004","50","20095"<endrec>
"2","2","Deposit commission recieved from{ChargePayer}","Deposit commission paid to {ChargeReceiver}","1005","1004","1004","Deposit Charge","10000020","Deposit Charge","","203000000000010002","2014-03-12 15:02:59.739000","","0","203000000000010002","2014-03-14 11:12:50.959000","","0","20006","50","20102"<endrec>
"2","1","Payment Received From {CreditParty}","Pay Bill Charge","1003","1003","1005","Pay Utility Charge By Organization","10000022","Pay Utility Charge By Organization","","203000000000010002","2014-03-13 11:28:23.355000","","0","203000000000020211","2017-04-11 13:53:01.687000","","0","20009","30","20126"<endrec>
"2","1","Payment Recieved form {DebitParty}","Pay Merchant Charge","1004","1003","1005","Pay Merchant Charge By Customer","10000023","Pay Merchant Charge By Customer","","203000000000010002","2014-03-13 14:54:38.817000","","0","203000000000010806","2017-08-28 14:51:24.227000","","0","20010","60","20129"<endrec>
"2","1","Payment recieved from {CreditParty}","Pay merchant Charge","1003","1003","1005","Pay Merchant Charge By Organization","10000024","Pay Merchant Charge By Organization","","203000000000010002","2014-03-13 14:57:28.345000","","0","203000000000010002","2014-03-13 14:57:40.321000","","0","20010","30","20130"<endrec>
"2","2","Deposit commission","Deposit commission","1005","1004","1004","Deposit Charge","10000020","Deposit Charge","","203000000000010002","2014-03-14 11:12:45.124000","","0","203000000000010002","2014-03-14 11:12:50.977000","","0","20006","30","20164"<endrec>
"2","5","Business Transaction Charge Paid By Credit Party","Business Transaction Charge","1003","1004","1004","Business Deposit of Funds Charge","10000025","Business Deposit of Funds Charge","","203000000000010002","2014-03-14 16:47:21.228000","","0","203000000000010002","2014-03-17 10:39:31.493000","","0","20003","50","20170"<endrec>
"2","5","Business Transaction Charge Paid By Debit Party","Business Transaction Charge","1004","1003","1003","Business Withdrawal of Funds Charge","10000026","Business Withdrawal of Funds Charge","","203000000000010002","2014-03-14 16:50:04.977000","","0","203000000000010002","2014-03-17 10:40:20.549000","","0","20003","50","20171"<endrec>
"2","5","Business Transaction Charge Paid By {CreditParty}","Business Transaction Charge","1003","1004","1004","Business Deposit of Funds Charge","10000025","Business Deposit of Funds Charge","","203000000000010002","2014-03-17 10:39:23.182000","","0","203000000000010002","2014-03-17 10:39:31.511000","","0","20003","30","20185"<endrec>
"2","5","Business Transaction Charge Paid By {DebitParty}","Business Transaction Charge","1004","1003","1003","Business Withdrawal of Funds Charge","10000026","Business Withdrawal of Funds Charge","","203000000000010002","2014-03-17 10:40:10.478000","","0","203000000000010002","2014-03-17 10:40:20.567000","","0","20003","30","20186"<endrec>
"2","1","Airtime Purchase Discount Charge","Airtime Commission","1003","1003","1005","Airtime Purchase Discount Charge","10000027","Airtime Purchase Discount Charge","","203000000000010002","2014-03-17 14:45:11.795000","","0","203000000000015728","2017-08-15 14:50:24.029000","","0","20018","50","20205"<endrec>
"2","1","Customer Transfer of Funds Charge Received From {DebitParty}","Customer Transfer of Funds Charge","1004","1004","1005","Customer Transfer Charge","10000029","Customer Transfer Charge","","203000000000010002","2014-03-18 11:53:35.021000","","0","203000000000010002","2014-03-18 11:54:28.227000","","0","20020","30","20237"<endrec>
"2","1","Withdrawal at ATM Charge","Withdrawal at ATM Charge","1004","1003","1005","Withdrawal at ATM Charge","10000031","Withdrawal at ATM Charge","","203000000000010002","2014-03-19 13:38:15.464000","","0","203000000000010002","2014-03-19 13:38:31.681000","","0","20008","30","20280"<endrec>
"2","2","Withdrawal at ATM Commission","Withdrawal at ATM Commission","1005","1003","1003","Withdrawal at ATM Commission","10000032","Withdrawal at ATM Commission","","203000000000010002","2014-03-19 13:39:24.231000","","0","203000000000010002","2014-03-19 13:39:31.840000","","0","20008","30","20281"<endrec>
"2","1","Withdrawal Charge from Customer","Withdrawal of Funds Through Agent Charge","1004","1003","1005","Withdrawal Charge to SP","10000033","Withdrawal Charge to SP","","203000000000010002","2014-03-19 13:54:24.582000","","0","203000000000010164","2014-11-12 17:47:28.454000","","0","20008","50","20284"<endrec>
"3","1","M-PESA ATM Voucher Request Charge from {ChargePayer}","M-PESA ATM Voucher Request Charge","1001","1001","1005","M-PESA ATM Voucher Request Charge","10000036","M-PESA ATM Voucher Request Charge","","203000000000010002","2014-03-19 15:53:40.886000","","0","203000000000010002","2014-03-19 15:55:35.673000","","0","8","50","20289"<endrec>
"3","1","M-PESA ATM Voucher Request Charge from {ChargePayer}","M-PESA ATM Voucher Request Charge","1001","1001","1005","M-PESA ATM Voucher Request Charge","10000036","M-PESA ATM Voucher Request Charge","","203000000000010002","2014-03-19 15:55:28.567000","","0","203000000000010002","2014-03-20 10:28:08.617000","","0","27","50","20290"<endrec>
"2","3","Registration Commission","Registration Commission Paid to {ChargeReceiver}","1005","1006","1006","Registration Commission at First Deposit","10000037","Registration Commission at First Deposit","","203000000000010002","2014-03-20 10:03:55.760000","","1","203000000000010002","2014-03-20 10:04:01.767000","","0","20006","30","20297"<endrec>
"3","1","M-PESA ATM Voucher Request Charge from {ChargePayer}","M-PESA ATM Voucher Request Charge","1001","1001","1005","M-PESA ATM Voucher Request Charge","10000036","M-PESA ATM Voucher Request Charge","","203000000000010002","2014-03-20 10:28:00.863000","","0","203000000000010002","2014-03-20 10:28:08.632000","","0","8","30","20300"<endrec>
"3","1","Statement Request Charge from {ChargePayer}","Statement Request Charge","1001","1001","1005","Statement Request Charge","10000038","Statement Request Charge","","203000000000010002","2014-03-20 13:45:12.451000","","0","203000000000010002","2014-03-20 13:45:18.584000","","0","27","30","20309"<endrec>
"3","2","Register Customer Commission from SP","Register Customer Charge to {ChargeReceiver}","1005","1001","1001","Register Customer Charge","10000039","Register Customer Charge","","203000000000010002","2014-03-20 14:01:03.232000","","0","203000000000010002","2014-03-20 14:01:08.466000","","0","27","30","20311"<endrec>
"3","1","Change PIN request by {Receiver}","Organization Operator PIN Change","1002","1002","1005","Change PIN at Agent Till Charge","10000016","Change PIN at Agent Till Charge","","203000000000010002","2014-03-21 14:31:30.207000","","0","203000000000010002","2014-03-21 14:31:35.761000","","0","27","30","20378"<endrec>
"3","1","Change PIN request by {Receiver}","Customer PIN change","1002","1002","1005","Customer Change PIN Charge","10000015","Customer Change PIN Charge","","203000000000010002","2014-03-21 14:31:54.618000","","0","203000000000010002","2014-03-21 14:32:03.517000","","0","27","30","20379"<endrec>
"3","1","New PIN Reset For {ChargePayer} Charge","New PIN Reset For {ChargePayer} Charge","1002","1001","1005","CCH Reset Organization Operator PIN Charge","10000042","CCH Reset Organization Operator PIN Charge","","203000000000010002","2014-03-28 05:47:33.808000","","0","203000000000010002","2014-03-28 05:47:38.066000","","0","27","30","30005065"<endrec>
"3","1","New PIN Reset For {ChargePayer} Charge","New PIN Reset For {ChargePayer} Charge","1002","1002","1005","CCH Reset Customer PIN Charge","10000043","CCH Reset Customer PIN Charge","","203000000000010002","2014-03-28 05:49:04.655000","","0","203000000000010002","2014-03-28 05:49:19.671000","","0","27","30","30005066"<endrec>
"2","5","Fee for B2C Payment Withdrawal Charge Paid To Customer","Fee for B2C Payment Withdrawal Charge Paid To Customer","1004","1004","1003","Fee For B2C Payment Withdrawal Charge Paid To Customer","10000018","Fee For B2C Payment Withdrawal Charge Paid To Customer","","203000000000010002","2014-04-03 14:23:12.796000","","0","203000000000010002","2014-04-03 14:30:57.202000","","0","20004","30","30011093"<endrec>
"2","1","Customer Send Money To Unregistered User Charge from {DebitParty}","Customer Send Money To Unregistered User Charge","1004","1004","1005","Send Money Charge","10000047","Send Money Charge","","203000000000010002","2014-04-03 14:28:44.233000","","0","203000000000010002","2014-04-07 11:14:56.712000","","0","20020","50","30011096"<endrec>
"2","1","B2C Payment Charge","B2C Payment Charge","1004","1004","1005","[Web]Fee for B2C Payment","10000050","[Web]Fee for B2C Payment","","203000000000010002","2014-04-07 10:43:01.507000","","0","203000000000010002","2014-04-07 10:46:09.007000","","0","20022","30","30013168"<endrec>
"2","5","B2C Payment Withdrawal Charge Received","B2C Payment Withdrawal Charge Paid To Customer","1004","1004","1003","[Web]Fee For B2C Payment Withdrawal Charge Paid To Customer","10000051","[Web]Fee For B2C Payment Withdrawal Charge Paid To Customer","","203000000000010002","2014-04-07 11:44:31.132000","","0","203000000000010002","2014-04-07 11:45:10.460000","","0","20022","30","30013185"<endrec>
"2","4","Fee For B2C Payment To Commission Payable Account","Fee For B2C Payment To Commission Payable Account","1005","1004","1005","[Web]B2C Payment Liable Commission","10000054","[Web]B2C Payment Liable Commission","","203000000000010002","2014-04-10 11:07:01.559000","","0","203000000000010002","2014-04-10 11:09:08.237000","","0","20022","30","30015646"<endrec>
"2","4","Customer Send Money To Unregistered User Liable Commission","Customer Send Money To Unregistered User Liable Commission","1005","1004","1005","Send Money Liable Commission","10000055","Send Money Liable Commission","","203000000000010002","2014-04-10 11:07:10.951000","","0","203000000000010002","2014-04-10 11:09:08.950000","","0","20020","50","30015647"<endrec>
"2","2","Withdrawal Commission","Withdrawal Commission","1005","1003","1003","Withdrawal Commission","10000056","Withdrawal Commission","","203000000000010002","2014-04-10 11:08:20.123000","","0","203000000000010002","2014-04-10 11:09:08.504000","","0","20008","30","30015648"<endrec>
"2","4","Fee For B2C Payment To Commission Payable Account","Fee For B2C Payment To Commission Payable Account","1005","1004","1005","B2C Payment Liable Commission","10000057","B2C Payment Liable Commission","","203000000000010002","2014-04-10 11:08:28.504000","","0","203000000000010002","2014-04-10 11:09:08.715000","","0","20004","30","30015649"<endrec>
"3","1","FI Organization Savings Client Balance Request Charge","FI Organization Savings Client Balance Request Charge","1001","1001","1005","FI Organization Savings Client Balance Request Charge","10000064","FSI Balance Request Charge","","203000000000010063","2014-10-01 10:19:31.333000","","0","203000000000010063","2014-10-01 10:36:34.504000","","0","28","30","30099666"<endrec>
"3","1","FI Organization Savings Clent Check Credit Limit Charge","FI Organization Savings Clent Check Credit Limit Charge","1001","1001","1005","FI Organization Savings Clent Check Credit Limit Charge","10000065","FSI Check Credit Limit Charge","","203000000000010063","2014-10-01 10:31:13.792000","","0","203000000000010063","2014-10-01 11:34:13.058000","","0","30","30","30099668"<endrec>
"2","1","FI Organization Savings Client Final Payout Charge","FI Organization Savings Client Final Payout Charge","1004","1003","1005","FI Organization Savings Client Final Payout Charge","10000066","FSI Final Payout Charge","","203000000000010063","2014-10-01 10:39:24.498000","","0","203000000000010063","2014-10-01 11:34:31.321000","","0","20049","30","30099669"<endrec>
"2","1","FI Organization Savings Client Loan Repayment from Saving Charge","FI Organization Savings Client Loan Repayment from Saving Charge","1004","1004","1005","FI Organization Savings Client Loan Repayment from Saving Charge","10000067","FSI Loan Repayment from Savings Charge","","203000000000010063","2014-10-01 10:53:17.454000","","0","203000000000010063","2014-10-01 11:34:55.975000","","0","20052","30","30099675"<endrec>
"3","1","FI Organization Savings Client Statement Request Charge","FI Organization Savings Client Statement Request Charge","1001","1001","1005","FI Organization Savings Client Loan Statement Request Charge","10000068","FSI Loan Statement Request Charge","","203000000000010063","2014-10-01 10:55:47.436000","","0","203000000000010063","2014-10-01 11:35:04.216000","","0","29","30","30099679"<endrec>
"2","1","Savings Client Deposit Charge","Savings Client Deposit Charge","1003","1004","1005","Savings Client Deposit Charge","10000069","Savings Client Deposit Charge","","203000000000010063","2014-10-01 10:56:46.586000","","0","203000000000010063","2014-10-01 11:35:25.114000","","0","20046","30","30099681"<endrec>
"3","1","Savings Client Withdrawl Request Charge","Savings Client Withdrawl Request Charge","1001","1001","1005","Savings Client Balance Request Charge","10000072","Savings Client Balance Request Charge","","203000000000010063","2014-10-01 11:16:13.813000","","0","203000000000010164","2014-12-01 15:37:16.925000","","0","28","50","30099691"<endrec>
"2","1","FSI Deposit Charge","FSI Deposit Charge","1004","1004","1005","FSI Deposit Charge","10000076","FSI Deposit Charge","","203000000000010063","2014-10-01 11:24:41.082000","","0","203000000000010063","2014-10-01 11:34:19.396000","","0","20046","30","30099697"<endrec>
"2","1","FSI Withdraw Charge","FSI Withdraw Charge","1003","1003","1005","FSI Withdraw Charge","10000077","FSI Withdraw Charge","","203000000000010063","2014-10-01 11:25:45.856000","","0","203000000000010063","2014-10-01 11:35:09.597000","","0","20051","30","30099698"<endrec>
"2","1","FSI Loan Repayment Charge","FSI Loan Repayment Charge","1004","1004","1005","FSI Loan Repayment Charge","10000078","FSI Loan Repayment Charge","","203000000000010063","2014-10-01 11:27:03.142000","","0","203000000000010063","2014-10-01 11:34:43.728000","","0","20047","30","30099701"<endrec>
"2","1","FSI Deposit Charge By Organization","FSI Deposit Charge By Organization","1003","1004","1005","FSI Deposit Charge By Organization","10000080","FSI Deposit Charge By Organization","","203000000000010063","2014-10-01 11:30:48.342000","","0","203000000000010063","2014-10-01 11:34:25.373000","","0","20046","30","30099706"<endrec>
"2","1","FSI Loan Repayment Charge By Organization","FSI Loan Repayment Charge By Organization","1003","1004","1005","FSI Loan Repayment Charge By Organization","10000081","FSI Loan Repayment Charge By Organization","","203000000000010063","2014-10-01 11:31:41.995000","","0","203000000000010063","2014-10-01 11:34:49.985000","","0","20047","30","30099708"<endrec>
"2","1","FSI Withdraw Charge By Organization","FSI Withdraw Charge By Organization","1004","1003","1005","FSI Withdraw Charge By Organization","10000082","FSI Withdraw Charge By Organization","","203000000000010063","2014-10-01 11:32:28.265000","","0","203000000000010063","2014-10-01 11:35:14.892000","","0","20051","30","30099710"<endrec>
"3","1","FI Organization Savings Client Statement Request Charge","FI Organization Savings Client Statement Request Charge","1001","1001","1005","FSI Statement Request Charge","10000083","FSI Statement Request Charge","","203000000000010063","2014-10-01 12:10:33.275000","","0","203000000000010063","2014-10-01 12:10:56.288000","","0","29","30","30099733"<endrec>
"2","1","FSI Loan Disbursement Charge","FSI Loan Disbursement Charge","1004","1003","1005","FSI Loan Disbursement Charge","10000084","FSI Loan Disbursement Charge","","203000000000010133","2014-10-02 15:05:14.268000","","0","203000000000010133","2014-10-02 15:05:18.661000","","0","20048","30","30099811"<endrec>
"2","1","Savings Client Insurance Request Charge","Savings Client Insurance Request Charge","1004","1004","1005","Savings Client Insurance Request Charge","10000086","Savings Client Insurance Request Charge","","203000000000010133","2014-10-02 15:27:12.884000","","0","203000000000010133","2014-10-02 15:27:17.450000","","0","20050","30","30099813"<endrec>
"2","1","Savings Client Withdrawal Request Charge","Savings Client Withdrawal Request Charge","1004","1003","1005","Savings Client Withdrawal Request Charge","10000087","Savings Client Withdrawal Request Charge","","203000000000010133","2014-10-02 15:55:18.295000","","0","203000000000010164","2014-12-08 19:48:36.512000","","0","20051","50","30099817"<endrec>
"2","1","Savings Client Final Payout Charge","Savings Client Final Payout Charge","1004","1003","1005","Savings Client Final Payout Charge","10000088","Savings Client Final Payout Charge","","203000000000010133","2014-10-02 16:00:42.967000","","0","203000000000010133","2014-10-02 16:00:57.535000","","0","20049","30","30099819"<endrec>
"3","1","Savings Client Statement Request Charge","Savings Client Statement Request Charge","1001","1002","1005","Savings Client Statement Request Charge","10000089","Savings Client Statement Request Charge","","203000000000010133","2014-10-02 16:05:14.052000","","0","203000000000010133","2014-10-02 16:15:43.051000","","0","29","30","30099822"<endrec>
"2","1","Business Pay Bill Charge","Business Pay Bill Charge","1004","1003","1005","Business Pay Bill Charge","10000090","Business Pay Bill Charge","","203000000000010133","2014-10-06 17:46:11.183000","","0","203000000000010063","2014-10-06 17:47:46.631000","","0","20003","30","30100667"<endrec>
"2","1","Business Buy Goods Charge","Business Buy Goods Charge","1004","1003","1005","Business Buy Goods Charge","10000091","Business Buy Goods Charge","","203000000000010133","2014-10-06 17:46:28.464000","","0","203000000000025034","2018-02-28 09:51:04.727000","","0","20003","50","30100668"<endrec>
"2","1","Disbursement of Funds Charge","Disbursement of Funds Charge","1004","1003","1005","Disbursement of Funds Charge","10000092","Disbursement of Funds Charge","","203000000000010133","2014-10-06 17:46:49.816000","","0","203000000000010063","2014-10-06 17:47:55.049000","","0","20003","30","30100669"<endrec>
"2","1","Credit Client Online Credit Request Charge","Credit Client Online Credit Request Charge","1004","1003","1005","Credit Client Online Credit Request Charge","10000094","Credit Client Online Credit Request Charge","","203000000000010133","2014-10-10 11:04:04.273000","","0","203000000000010133","2014-10-10 11:04:09.848000","","0","20048","30","30103803"<endrec>
"3","1","New PIN Reset For {ChargePayer} Charge","New PIN Reset For {ChargePayer} Charge","1002","1002","1005","Reset Customer PIN Charge","10000096","Reset Customer PIN Charge","","203000000000010063","2014-10-15 15:58:47.059000","","0","203000000000010063","2014-10-15 15:59:04.865000","","0","27","30","30109843"<endrec>
"2","1","Business Pay Bill Charge by Receiver","Business Pay Bill Charge by Receiver","1003","1003","1005","Business Pay Bill Charge by Receiver","10000098","Business Pay Bill Charge by Receiver","","203000000000010114","2014-10-29 20:28:54.698000","","0","203000000000010114","2014-10-29 21:16:17.210000","","0","20009","50","30116935"<endrec>
"2","1","Business Buy Goods Charge by Receiver","Business Buy Goods Charge by Receiver","1003","1003","1005","Business Buy Goods Charge by Receiver","10000099","Business Buy Goods Charge by Receiver","","203000000000010114","2014-10-29 20:31:13.769000","","0","203000000000010114","2014-10-29 20:31:28.181000","","0","20003","30","30116936"<endrec>
"2","1","Disbursement of Funds Charge by Receiver","Disbursement of Funds Charge by Receiver","1003","1003","1005","Disbursement of Funds Charge by Receiver","10000100","Disbursement of Funds Charge by Receiver","","203000000000010114","2014-10-29 20:32:38.177000","","0","203000000000010114","2014-10-29 20:33:11.686000","","0","20003","30","30116937"<endrec>
"2","1","Business Pay Bill Charge by Receiver","Business Pay Bill Charge by Receiver","1003","1003","1005","Business Pay Bill Charge by Receiver","10000098","Business Pay Bill Charge by Receiver","","203000000000010114","2014-10-29 21:16:09.014000","","0","203000000000010114","2014-10-29 21:16:17.263000","","0","20003","30","30116940"<endrec>
"2","1","Business Transfer Charge","Business Transfer Charge","1004","1003","1005","","10000101","Business Transfer Charge","","203000000000010114","2014-10-31 11:37:22.022000","","0","203000000000010114","2014-10-31 11:37:27.411000","","0","20003","30","30116954"<endrec>
"2","1","Business Transfer Charge by Receiver","Business Transfer Charge by Receiver","1003","1003","1005","","10000102","Business Transfer Charge by Receiver","","203000000000010114","2014-10-31 11:38:15.558000","","0","203000000000010114","2014-10-31 11:38:31.979000","","0","20003","30","30116955"<endrec>
"2","1","Merchant Transfer Charge","Merchant Transfer Charge","1004","1003","1005","Merchant Transfer Charge","10000103","Merchant Transfer Charge","","203000000000010114","2014-10-31 11:39:35.874000","","0","203000000000010114","2014-10-31 11:39:55.967000","","0","20003","30","30116956"<endrec>
"2","1","Merchant Transfer Charge by Receiver","Merchant Transfer Charge by Receiver","1003","1003","1005","Merchant Transfer Charge by Receiver","10000104","Merchant Transfer Charge by Receiver","","203000000000010114","2014-10-31 11:40:33.905000","","0","203000000000010114","2014-10-31 11:40:43.826000","","0","20003","30","30116957"<endrec>
"2","1","Withdrawal Charge","Withdrawal Charge","1004","1003","1005","Withdrawal Charge to SP","10000033","Withdrawal Charge to SP","","203000000000010164","2014-11-12 17:47:22.612000","","0","203000000000010164","2014-11-12 17:47:28.511000","","0","20008","30","30120084"<endrec>
"2","1","FSI Organization Savings Client Payout Bulk Charge","FSI Organization Savings Client Payout Bulk Charge","1004","1003","1005","FSI Final Payout Bulk Charge","10000106","FSI Final Payout Bulk Charge","","203000000000010164","2014-11-21 16:41:04.391000","","0","203000000000010164","2014-11-21 16:41:15.739000","","0","20059","30","30127090"<endrec>
"3","1","Savings Client Balance Request Charge","Savings Client Balance Request Charge","1001","1001","1005","Savings Client Balance Request Charge","10000072","Savings Client Balance Request Charge","","203000000000010164","2014-12-01 15:37:10.415000","","0","203000000000010164","2014-12-01 15:37:16.988000","","0","28","30","30135079"<endrec>
"2","1","Savings Client Withdrawal Request Charge","Savings Client Withdrawal Request Charge","1004","1003","1005","Savings Client Withdrawal Request Charge","10000087","Savings Client Withdrawal Request Charge","","203000000000010164","2014-12-08 19:48:24.403000","","0","203000000000010164","2014-12-08 19:48:36.551000","","0","20051","30","30136102"<endrec>
"2","2","Commission for Agent Pay Bill {ChargeReceiver}","Commission for Agent Pay Bill","1005","1004","1004","","10001161","PayBill OTC Commission","","203000000000010809","2015-09-08 03:14:44.486000","0","0","203000000000010809","2015-09-08 03:14:53.689000","","0","20698","30","937156157"<endrec>
"2","1","Charge for Agent Pay Bill {ChargePayer}","Charge for Agent Pay Bill {ChargeReceiver}","1003","1003","1005","","10001162","OTC PayBill Organisation Charge","","203000000000010809","2015-09-08 03:17:15.719000","0","0","203000000000018910","2017-02-13 07:48:40.212000","","0","20698","50","937156158"<endrec>
"2","5","","","1004","1004","1003","","10001171","IMT Transfer Abroad Extra Fee","","203000000000011204","2015-09-17 13:12:16.487000","1","0","203000000000011204","2015-09-17 13:12:23.248000","","0","20803","30","937161208"<endrec>
"2","5","","","1004","1004","1003","","10001181","OTC IMT Transfer Abroad Extra Fee","","203000000000013608","2016-01-04 10:01:37.713000","1","0","203000000000013608","2016-01-04 10:47:03.047000","","0","20800","50","937178565"<endrec>
"2","5","","","1004","1004","1003","","10001181","OTC IMT Transfer Abroad Extra Fee","","203000000000013608","2016-01-04 10:24:30.397000","1","0","203000000000013608","2016-01-04 10:47:03.109000","","0","20800","30","937178569"<endrec>
"3","1","","","1001","1001","1005","Customer ATM Deposit","10001191","Customer ATM Deposit","","203000000000013506","2016-04-07 12:34:48.297000","0","0","203000000000013506","2016-04-07 12:35:00.151000","","0","8","30","937192545"<endrec>
"2","1","","","1004","1004","1005","","10001201","In-net C2C","","203000000000012204","2016-04-22 13:40:11.884000","0","0","203000000000012204","2016-04-22 13:40:25.412000","","0","21102","30","937197625"<endrec>
"2","3","","","1005","1007","1007","IBM Airtime registration commission","10001202","IBM Airtime registration commission","","203000000000010811","2016-05-02 12:05:47.125000","0","0","203000000000010811","2016-05-02 12:06:09.928000","","0","20018","30","937197808"<endrec>
"2","1","","","1003","1003","1005","","10001211","group cash in test","","203000000000013022","2016-05-10 04:37:26.639000","0","0","203000000000013022","2016-05-10 04:37:43.404000","","0","21502","30","937198564"<endrec>
"2","1","22","","1003","1003","1005","","10001212","test","","203000000000013202","2016-05-10 04:41:26.133000","0","0","203000000000010811","2016-06-22 08:29:42.823000","","0","21502","50","937198566"<endrec>
"3","1","Group apply voucher charge","Group apply voucher charge","1001","1001","1005","Group Apply Voucher charge","10001221","Group Apply Voucher charge","","203000000000013818","2016-05-27 10:25:40.384000","0","0","203000000000013818","2016-05-27 10:25:58.583000","","0","8","30","937205672"<endrec>
"2","1","","","1004","1004","1005","","10001231","Group Pay Bill","","203000000000010806","2016-06-06 21:37:05.472000","0","0","203000000000010806","2016-06-06 21:37:35.005000","","0","21503","30","937210600"<endrec>
"2","1","","","1004","1004","1005","","10001241","G2G Transfer","","203000000000010811","2016-06-21 14:08:11.887000","0","0","203000000000010811","2016-06-21 14:08:25.565000","","0","21698","30","937213625"<endrec>
"2","1","","","1004","1004","1005","","10001242","Group to Group Minimum Transfer","","203000000000010811","2016-06-21 14:23:01.369000","0","0","203000000000010811","2016-06-21 14:23:14.667000","","0","21698","30","937213631"<endrec>
"2","1","22","","1003","1003","1005","","10001212","test","","203000000000010811","2016-06-22 08:29:15.654000","0","0","203000000000010811","2016-06-22 08:29:42.848000","","0","21698","30","937214547"<endrec>
"2","1","","","1003","1003","1005","","10001251","Org Buy Airtime for customer","","203000000000014102","2016-06-22 11:55:45.589000","0","0","203000000000014909","2017-03-15 12:05:18.220000","","0","21499","50","937214558"<endrec>
"2","1","","","1003","1003","1005","","10001252","SP Buy Airtime for customer","","203000000000011311","2016-06-23 11:40:39.390000","0","0","203000000000011311","2016-06-23 11:40:49.127000","","0","21499","30","937214581"<endrec>
"3","1","","","1001","1001","1005","Test1","10001253","test1","","203000000000015702","2016-06-29 15:28:33.968000","0","0","203000000000015702","2016-06-29 15:28:33.968000","","0","27","10","937214683"<endrec>
"2","5","","","1003","1003","1004","","10001261","Test5433","","203000000000014907","2016-07-11 15:59:03.526000","0","0","203000000000014907","2016-07-11 16:01:21.411000","","0","20998","30","937215729"<endrec>
"2","1","","","1004","1004","1005","","10001271","Org Buy Airtime for customer1","","203000000000014908","2016-07-15 04:31:21.343000","0","0","203000000000014908","2016-07-15 04:31:34.064000","","0","21499","30","937216581"<endrec>
"2","1","Organization Buy Airtime for Customer from {ChargePayer}","Organization Buy Airtime for Customer from {ChargePayer}","1004","1004","1005","Organization Buy Airtime for Customer","10001272","Organization Buy Airtime for Customer","","203000000000014908","2016-07-15 04:44:58.744000","0","0","203000000000014908","2016-07-15 04:45:25.883000","","0","22199","30","937216584"<endrec>
"2","1","Customer Transfer Money to Group Charge from {DebitParty}","Customer Transfer Money to Group Charge from {DebitParty}","1004","1004","1005","","10001273","Customer Transfer Money to Group","","203000000000014908","2016-07-15 10:04:26.542000","0","0","203000000000014908","2016-07-15 10:04:39.947000","","0","20020","30","937216603"<endrec>
"2","1","Group P2G Transfer Charge from {DebitParty}","Group P2G Transfer Charge from {DebitParty}","1004","1004","1005","Group P2G Transfer Charge","10001274","Group P2G Transfer Charge","","203000000000014908","2016-07-18 07:43:03.545000","0","0","203000000000014908","2016-07-18 07:43:21.922000","","0","21700","30","937216615"<endrec>
"2","1","C2G Transfer Charge from {DebitParty}","C2G Transfer Charge from {DebitParty}","1003","1004","1005","C2G Transfer Charge","10001275","C2G Transfer Charge","","203000000000014908","2016-07-18 08:08:58.464000","0","0","203000000000014908","2016-07-18 08:32:36.400000","","0","21598","30","937216620"<endrec>
"3","1","Charge from {Receiver}","Charge from {Receiver}","1002","1002","1005","","10001276","Charge for Removing Member from Group","","203000000000014908","2016-07-18 08:51:58.311000","0","0","203000000000014908","2016-07-18 08:52:10.803000","","0","27","30","937216624"<endrec>
"3","1","Charge from {Receiver}","Charge from {Receiver}","1002","1002","1005","Charge for Adding Member to Group","10001277","Charge for Adding Member to Group","","203000000000014908","2016-07-18 09:09:38.997000","0","0","203000000000014908","2016-07-18 09:10:13.170000","","0","27","30","937216628"<endrec>
"3","1","Change from {Receiver}","Change from {Receiver}","1002","1002","1005","Change for Query Group Balance","10001278","Change for Query Group Balance","","203000000000014908","2016-07-18 09:34:41.168000","0","0","203000000000014908","2016-07-18 09:35:02.620000","","0","5730","30","937216634"<endrec>
"2","1","Charge for Send Money_TestZ","Charge for Send Money_TestZ","1004","1004","1005","Charge for Send Money_TestZ","10001279","Charge for Send Money_TestZ","","203000000000014908","2016-07-19 09:42:08.811000","0","0","203000000000014908","2016-07-19 09:43:00.978000","","0","22200","30","937216657"<endrec>
"3","1","Change Group Member Role Charge from {Receiver}","Change Group Member Role Charge from {Receiver}","1002","1002","1005","Change Group Member Role","10001281","Change Group Member Role","","203000000000014908","2016-07-22 10:18:27.420000","0","0","203000000000014908","2016-07-22 10:18:37.439000","","0","27","30","937217576"<endrec>
"3","1","","","1001","1001","1005","Group MiniStatement Charge","10001282","Group MiniStatement Charge","","203000000000010806","2016-07-28 13:46:34.785000","0","0","203000000000010806","2016-07-28 13:58:07.176000","","0","5731","60","937217714"<endrec>
"3","1","","","1001","1001","1005","Group Request MiniStatement Charge","10001283","Group Request MiniStatement Charge","","203000000000010806","2016-07-28 13:57:50.424000","0","0","203000000000010811","2016-08-09 13:40:19.456000","","0","27","50","937217716"<endrec>
"2","1","","","1004","1004","1005","","10001291","Customer Pay Bill","","203000000000010811","2016-08-08 12:32:03.032000","0","0","203000000000010811","2016-08-08 12:32:10.620000","","0","20009","30","937218650"<endrec>
"2","1","","","1004","1004","1005","","10001292","IBM_Service Purchase","","203000000000010806","2016-08-08 13:12:58.613000","0","0","203000000000024612","2018-04-10 09:05:02.421000","","0","20898","30","937218658"<endrec>
"3","1","","","1001","1001","1005","Group Request MiniStatement Charge","10001283","Group Request MiniStatement Charge","","203000000000010811","2016-08-09 13:40:12.541000","0","0","203000000000010806","2016-08-24 15:20:47.050000","","0","5731","60","937218708"<endrec>
"3","1","{ChargeReceiver}(Service Provider)","{ChargePayer}(Receiver)","1002","1002","1005","Charge for Query Group List","10001293","Charge for Query Group List","","203000000000014911","2016-08-14 04:39:57.220000","0","0","203000000000013022","2016-08-31 06:37:41.782000","","0","5730","50","937218914"<endrec>
"3","1","","","1002","1002","1005","IBM_Group Request MiniStatement Charge","10001294","IBM_Group Request MiniStatement Charge","","203000000000010806","2016-08-24 15:16:44.671000","0","0","203000000000010806","2016-08-24 15:17:36.330000","","0","5731","30","937219278"<endrec>
"3","1","","","1002","1002","1005","IBM_confirm Membership","10001295","IBM_confirm Membership","","203000000000010811","2016-08-26 07:16:18.651000","0","0","203000000000010811","2016-08-26 07:16:28.086000","","0","27","30","937219333"<endrec>
"3","1","{ChargeReceiver}(Service Provider)","{ChargePayer}(Receiver)","1002","1002","1005","Charge for Query Group List","10001293","Charge for Query Group List","","203000000000013022","2016-08-31 06:37:33.948000","0","0","203000000000013022","2016-08-31 06:37:41.847000","","0","27","30","937219416"<endrec>
"3","1","","","1001","1001","1005","","10001302","Group approve","","203000000000013022","2016-09-06 08:33:24.523000","0","0","203000000000013022","2016-09-06 08:34:04.189000","","0","27","30","937220650"<endrec>
"3","1","","","1001","1001","1005","Customer Confirm Membership","10001303","Customer Confirm Membership","","203000000000013022","2016-09-06 08:36:18.095000","0","0","203000000000013022","2016-09-06 08:36:32.765000","","0","27","30","937220651"<endrec>
"3","1","{ChargeReceiver}(Service Provider)","{ChargePayer}(Receiver)","1002","1001","1005","Charge for Query Group List","10001304","IBM_Charge for Query Group List","","203000000000010806","2016-09-07 11:23:47.050000","0","0","203000000000010806","2016-09-07 11:23:55.565000","","0","27","30","937220701"<endrec>
"2","1","Charge for Agent Pay Bill {ChargePayer}","Charge for Agent Pay Bill {ChargeReceiver}","1003","1003","1005","","10001311","OTC PayBill Organisation Charge via USSD","","203000000000014911","2016-11-02 08:34:42.056000","0","0","203000000000014911","2016-11-02 08:34:55.935000","","0","20801","30","937233540"<endrec>
"3","1","Change PIN request by {ChargePayer}","Activate A New Customer Charge","1001","1001","1005","Activate A New Customer Charge","10000017","Activate A New Customer Charge","","203000000000014908","2016-12-02 02:16:43.738000","0","0","203000000000014908","2016-12-02 02:16:59.105000","","0","27","30","937244707"<endrec>
"2","2","","","1005","1003","1003","","10001321","pay bill","","203000000000017202","2016-12-02 09:22:50.803000","0","0","203000000000017202","2016-12-02 09:23:08.706000","","0","20009","30","937244721"<endrec>
"2","5","Loyalty points issue from buy goods received from {ChargePayer}","Loyalty points issue from buy goods to {DebitParty}","1003","1003","1004","Buy Goods Loyalty Charge","10001331","Buy Goods Loyalty Charge","","203000000000013818","2016-12-21 17:38:16.633000","0","0","203000000000013818","2016-12-21 17:50:32.211000","","0","20010","50","937251685"<endrec>
"2","5","Loyalty points issue from buy goods received from {ChargePayer}","Loyalty points issue from buy goods to {DebitParty}","1003","1003","1004","Buy Goods Loyalty Charge","10001331","Buy Goods Loyalty Charge","","203000000000013818","2016-12-21 17:50:23.483000","0","0","203000000000014912","2018-01-12 20:28:46.744000","","0","20008","50","937251686"<endrec>
"2","1","Organization Buy Airtime for Customer from {ChargePayer}","Organization Buy Airtime for Customer from {ChargePayer}","1004","1004","1005","OTC Buy AirTime_VDF_Demo","10001341","OTC Buy AirTime_VDF_Demo","","203000000000014909","2017-01-09 07:40:05.307000","0","0","203000000000014909","2017-01-09 07:40:16.178000","","0","20798","30","937254915"<endrec>
"2","5","Loyalty points issue from p2p received from {ChargePayer}","Loyalty points issue from p2p to {DebitParty}","1003","1003","1004","P2P Loyalty Charge","10001351","P2P Loyalty Charge","","203000000000013818","2017-02-06 18:33:19.232000","0","0","203000000000013818","2017-02-07 18:18:32.601000","","0","20020","50","937262824"<endrec>
"3","1","New PIN Reset For {ChargePayer} Charge","New PIN Reset For {ChargePayer} Charge","1002","1001","1005","SP operator Reset Organization Operator PIN Charge","10001352","SP operator Reset Organization Operator PIN Charge","","203000000000014909","2017-02-07 13:06:34.910000","","0","203000000000014909","2017-02-07 13:06:43.526000","","0","27","30","937262857"<endrec>
"2","5","Loyalty points issue from p2p received from {ChargePayer}","Loyalty points issue from p2p to {DebitParty}","1005","1004","1004","P2P Loyalty Charge","10001351","P2P Loyalty Charge","","203000000000013818","2017-02-07 18:18:23.437000","0","0","203000000000013818","2017-02-07 18:18:32.611000","","0","20020","30","937262865"<endrec>
"2","1","Charge for Agent Pay Bill {ChargePayer}","Charge for Agent Pay Bill {ChargeReceiver}","1003","1003","1005","","10001162","OTC PayBill Organisation Charge","","203000000000018910","2017-02-13 07:48:29.905000","0","0","203000000000018910","2017-02-13 07:48:40.223000","","0","20698","30","937264699"<endrec>
"2","1","","","1004","1004","1005","","10001361","Deposit at Agent Till","","203000000000014909","2017-02-17 14:45:52.569000","0","0","203000000000014909","2017-06-26 08:37:30.565000","","0","20006","50","937270831"<endrec>
"2","5","Loyalty points issue from depositreceived from {ChargePayer}","Loyalty points issue from Deposit to {DebitParty}","1005","1005","1004","P2P Loyalty Charge","10001371","Deposit Loyalty Charge","","203000000000010811","2017-03-07 12:35:23.828000","0","0","203000000000010811","2017-03-07 12:36:28.020000","","0","20008","50","937281839"<endrec>
"2","5","Loyalty points issue from depositreceived from {ChargePayer}","Loyalty points issue from Deposit to {DebitParty}","1005","1005","1004","P2P Loyalty Charge","10001371","Deposit Loyalty Charge","","203000000000010811","2017-03-07 12:36:19.598000","0","0","203000000000036503","2018-12-05 04:18:39.698000","","0","20006","50","937281840"<endrec>
"2","5","Loyalty points issue from buy goods received from {ChargePayer}","Loyalty points issue from buy goods to {DebitParty}","1005","1004","1004","Buy Airtime Loyalty Charge","10001372","Buy Airtime Loyalty Charge","","203000000000013818","2017-03-08 11:38:05.215000","0","0","203000000000013818","2017-03-08 11:42:44.857000","","0","21499","50","937281867"<endrec>
"2","5","Loyalty points issue from buy goods received from {ChargePayer}","Loyalty points issue from buy goods to {DebitParty}","1003","1003","1004","Pay Bill Loyalty Charge","10001373","Pay Bill Loyalty Charge","","203000000000013818","2017-03-08 11:39:17.802000","0","0","203000000000013818","2017-03-08 11:39:46.507000","","0","20009","30","937281868"<endrec>
"2","5","Loyalty points issue from buy goods received from {ChargePayer}","Loyalty points issue from buy goods to {DebitParty}","1005","1005","1004","Buy Airtime Loyalty Charge","10001372","Buy Airtime Loyalty Charge","","203000000000013818","2017-03-08 11:42:35.931000","0","0","203000000000013818","2017-03-08 17:41:17.535000","","0","20018","50","937281869"<endrec>
"2","5","Loyalty points issue from buy goods received from {ChargePayer}","Loyalty points issue from buy goods to {DebitParty}","1003","1003","1004","Buy Airtime Loyalty Charge","10001372","Buy Airtime Loyalty Charge","","203000000000013818","2017-03-08 17:41:08.934000","0","0","203000000000013818","2017-03-08 17:41:17.542000","","0","20018","30","937281913"<endrec>
"2","5","Loyalty points issue from deposit received from {ChargePayer}","Loyalty points issue from deposit to {DebitParty}","1005","1004","1004","Agent Deposit Loyalty charge","10001374","Agent Deposit Loyalty charge","","203000000000010811","2017-03-09 06:01:14.195000","0","0","203000000000018910","2017-06-30 13:36:25.341000","","0","20006","50","937281919"<endrec>
"2","5","Loyalty points issue from Deposit to {CreditParty}","Loyalty points issue from Deposit to {DebitParty}","1005","1003","1003","Customer Deposit Loyalty Charge","10001375","Customer Deposit Loyalty Charge","","203000000000010811","2017-03-09 06:30:45.465000","0","0","203000000000018910","2017-06-30 13:38:19.268000","","0","20006","50","937281926"<endrec>
"2","1","","","1001","1001","1005","","10001381","Automation_Charge Profile1_Dynamic","","203000000000019116","2017-03-13 10:52:06.674000","0","0","203000000000019116","2017-03-13 10:52:06.674000","","0","23598","10","937285840"<endrec>
"2","1","","","1004","1004","1005","","10001251","Org Buy Airtime for customer","","203000000000014909","2017-03-15 12:05:10.038000","0","0","203000000000014909","2017-03-15 12:05:18.228000","","0","21499","30","937287857"<endrec>
"2","1","Payment Recieved form {DebitParty}","Pay Merchant Charge","1004","1004","1003","Pay Merchant By Customer","10001391","Pay Merchant by Customer","","203000000000010811","2017-03-22 16:25:12.073000","","0","203000000000010811","2017-03-22 16:25:42.764000","","0","20010","30","937294824"<endrec>
"2","1","{Pre-Validation}{Pre-Validation}Business Buy Goods Charge","Business Buy Goods Charge","1004","1003","1005","Business Buy Goods Charge","10000091","Business Buy Goods Charge","","203000000000014909","2017-03-29 10:25:10.236000","0","0","203000000000025034","2018-02-28 09:51:04.740000","","0","20003","30","937302879"<endrec>
"3","1","New PIN Reset For {ChargePayer} Charge","New PIN Reset For {ChargePayer} Charge","1002","1002","1005","Reset Operator PIN Charge","10001401","Reset Operator PIN Charge","","203000000000010811","2017-03-29 13:14:47.434000","","0","203000000000010811","2017-03-29 13:15:00.288000","","0","27","30","937302929"<endrec>
"3","1","New PIN Reset For {ChargePayer} Charge","New PIN Reset For {ChargePayer} Charge","1002","1001","1005","Reset Organization Operator PIN Charge","10001411","Reset Organization Operator PIN Charge","","203000000000014909","2017-03-30 09:13:44.096000","","0","203000000000014909","2017-03-30 10:23:53.678000","","0","27","50","937304830"<endrec>
"3","1","New PIN Reset For {ChargePayer} Charge","New PIN Reset For {ChargePayer} Charge","1002","1001","1010","Reset Organization Operator PIN Charge","10001411","Reset Organization Operator PIN Charge","","203000000000014909","2017-03-30 10:23:36.232000","0","0","203000000000014909","2017-03-30 13:45:43.816000","","0","27","50","937304838"<endrec>
"3","1","New PIN Reset For {ChargePayer} Charge","New PIN Reset For {ChargePayer} Charge","1002","1001","1005","Reset Organization Operator PIN Charge","10001411","Reset Organization Operator PIN Charge","","203000000000014909","2017-03-30 13:44:01.740000","0","0","203000000000014909","2017-03-30 13:45:43.825000","","0","27","30","937304852"<endrec>
"3","1","New PIN Reset For {ChargePayer} Charge","New PIN Reset For {ChargePayer} Charge","1004","1001","1005","Reset Organization Operator PIN Charge","10001412","Reset Organization Operator PIN Charge1","","203000000000014909","2017-03-30 13:45:25.889000","0","0","203000000000014909","2017-03-30 13:45:33.406000","","0","27","30","937304853"<endrec>
"3","1","New PIN Reset For {ChargePayer} Charge","New PIN Reset For {ChargePayer} Charge","1002","1002","1005","Reset Organization Operator PIN Charge2","10001413","Reset Organization Operator PIN Charge2","","203000000000014909","2017-03-30 14:22:40.164000","","0","203000000000014909","2017-03-30 14:22:48.787000","","0","27","30","937304854"<endrec>
"2","2","","","1005","1004","1004","Org to Org commission invoice test","10001414","Org to Org commission invoice test","","203000000000019918","2017-03-30 14:46:05.745000","0","0","203000000000019918","2017-03-30 14:46:19.699000","","0","20003","30","937304858"<endrec>
"2","1","","","1004","1004","1005","","10001421","Pay Utility Charge By Customer","","203000000000020211","2017-04-11 13:51:40.188000","0","0","203000000000020211","2017-04-11 13:51:48.665000","","0","20009","30","937315862"<endrec>
"2","3","Registration Commission","Registration Commission Paid to {ChargeReceiver}","1005","1006","1006","Registration Commission at First Deposit 01","10001431","Registration Commission at First Deposit 01","","203000000000015423","2017-05-03 14:58:13.699000","","1","203000000000015423","2017-05-03 14:58:21.205000","","1","20006","30","937331882"<endrec>
"3","1","Change PIN request by {ChargePayer}","Activate A New Customer Charge","1001","1001","1005","Activate A New Customer Charge","10000017","Activate A New Customer Charge","","203000000000014909","2017-05-08 11:37:53.407000","0","0","203000000000014909","2017-05-08 11:37:53.407000","","0","27","10","937333872"<endrec>
"2","1","Payment Recieved form {DebitParty}","Pay Merchant Charge","1004","1004","1005","Pay Merchant Charge By Customer_new","10001441","Pay Merchant Charge By Customer_new","","203000000000020211","2017-05-09 09:54:32.300000","","0","203000000000020211","2017-05-09 09:54:39.587000","","0","20010","30","937334875"<endrec>
"3","1","","Query Mini-statement Charges.","1001","1001","1005","Fee For Customer Ministatement","10001451","Fee For Customer Ministatement","","203000000000021013","2017-05-11 11:09:46.669000","0","0","203000000000021013","2017-05-11 11:11:07.986000","","0","20","30","937337876"<endrec>
"3","1","{ChargeReceiver}","Query Balance Charges.","1001","1001","1005","Fee For Customer Balance SMS","10000004","Fee For Customer Balance SMS","","203000000000021013","2017-05-11 11:10:43.594000","0","0","203000000000021013","2017-05-11 11:11:01.981000","","0","21","30","937337877"<endrec>
"3","1","","","1001","1001","1005","customer change pin by itself","10001461","customer change pin by itself","","203000000000015725","2017-05-15 10:59:19.555000","0","0","203000000000015725","2017-05-15 10:59:50.865000","","0","27","30","937339880"<endrec>
"2","1","","","1010","1010","1005","Subscroption,Unsubscription fee","10001471","Subscroption,Unsubscription fee","","203000000000015725","2017-05-24 06:10:22.071000","0","0","203000000000015725","2017-05-24 06:21:40.188000","","0","23798","60","937345873"<endrec>
"3","1","","","1010","1001","1005","Subscribe saving plan","10001472","Subscribe saving plan","","203000000000015725","2017-05-24 06:21:22.850000","0","0","203000000000015725","2017-05-24 06:21:49.699000","","0","27","30","937345878"<endrec>
"2","1","C2G Transfer Charge from {DebitParty}","C2G Transfer Charge from {DebitParty}","1003","1004","1005","C2G Transfer Charge","10001481","C2G Transfer Charge11","","203000000000015718","2017-05-24 13:35:29.901000","0","0","203000000000015718","2017-05-24 13:35:29.901000","","0","21598","10","937346912"<endrec>
"2","1","","","1004","1004","1005","","10001491","Fee for airtime","","203000000000021013","2017-06-12 08:23:40.031000","0","0","203000000000021013","2017-06-12 08:23:55.551000","","0","21499","30","937353969"<endrec>
"2","1","","","1004","1004","1005","","10001492","Fee for Customer Airtime","","203000000000021013","2017-06-12 08:25:50.019000","0","0","203000000000021013","2017-06-12 08:26:09.620000","","0","20018","30","937353970"<endrec>
"3","1","New PIN Unlock For {ChargePayer} Charge","New PIN Unlock For {ChargePayer} Charge","1002","1002","1005","CCH Unlock Customer PIN Charge","10001501","CCH Unlock Customer PIN Charge","","203000000000014911","2017-06-14 10:30:05.033000","","0","203000000000016349","2019-01-23 07:20:23.268000","","0","27","50","937358018"<endrec>
"3","1","","","1001","1001","1005","Operator change pin by itself","10001502","Operator change pin by itself","","203000000000019116","2017-06-14 10:50:42.793000","0","0","203000000000019116","2017-06-14 11:00:32.942000","","0","27","60","937358027"<endrec>
"3","1","","Organization Operator PIN","1010","1001","1005","Change operator PIN at Agent Till Charge","10001503","Change operator PIN at Agent Till Charge","","203000000000019116","2017-06-14 11:03:11.160000","","0","203000000000019116","2017-06-14 11:03:20.330000","","0","27","30","937358032"<endrec>
"2","3","Registration Commission","Registration Commission Paid to {ChargeReceiver}","1005","1006","1006","Registration Commission at send money","10001504","Registration Commission at send money","","203000000000018910","2017-06-14 12:20:07.771000","0","1","203000000000018910","2017-06-14 12:22:14.720000","","1","20008","50","937358042"<endrec>
"2","3","Registration Commission","Registration Commission Paid to {ChargeReceiver}","1005","1006","1006","Registration Commission at send money","10001504","Registration Commission at send money","","203000000000018910","2017-06-14 12:21:59.956000","0","1","203000000000018910","2017-06-14 12:22:14.728000","","1","20020","30","937358043"<endrec>
"3","1","Change PIN request by {ChargePayer}","Customer PIN change","1002","1002","1005","Customer Change PIN Charge","10001511","Customer Change PIN Charge11","","203000000000015718","2017-06-15 08:16:03.798000","","0","203000000000015718","2017-06-15 08:20:53.797000","","0","27","60","937359003"<endrec>
"3","1","Change PIN request by {ChargePayer}","Customer PIN change","1001","1001","1005","Customer Change PIN Charge","10001512","Customer Change PIN Charge1111","","203000000000015718","2017-06-15 08:22:11.485000","","0","203000000000015718","2017-06-15 08:22:19.390000","","0","27","30","937359005"<endrec>
"3","1","","","1001","1001","1005","Operator change pin by itself1111","10001513","Operator change pin by itself1111","","203000000000015718","2017-06-15 08:32:01.209000","0","0","203000000000015718","2017-06-15 08:32:17.359000","","0","27","30","937359006"<endrec>
"2","1","{ChargePayer}{AccountName}","{ChargePayer}{AccountName}","1004","1004","1005","","10001514","In-net B2C Payment","","203000000000016349","2017-06-16 07:48:43.804000","0","0","203000000000016349","2017-06-16 07:49:02.078000","","0","21100","30","937359073"<endrec>
"2","1","","","1004","1004","1005","","10001361","Deposit at Agent Till","","203000000000014909","2017-06-26 08:37:22.561000","0","0","203000000000014909","2017-06-26 08:37:30.574000","","0","20006","30","937365093"<endrec>
"2","2","","","1005","1003","1003","","10001521","Org Buy Airtime Commission","","203000000000021013","2017-06-27 04:56:27.664000","0","0","203000000000021013","2017-06-27 04:56:47.417000","","0","21499","30","937365169"<endrec>
"2","5","Loyalty points issue from deposit received from {ChargePayer}","Loyalty points issue from deposit to {DebitParty}","1005","1003","1003","Agent Deposit Loyalty charge","10001374","Agent Deposit Loyalty charge","","203000000000018910","2017-06-30 13:36:13.535000","0","0","203000000000018910","2017-06-30 13:37:38.425000","","0","20006","50","937371443"<endrec>
"2","5","Loyalty points issue from deposit received from {ChargePayer}","Loyalty points issue from deposit to {DebitParty}","1005","1003","1003","Agent Deposit Loyalty charge","10001374","Agent Deposit Loyalty charge","","203000000000018910","2017-06-30 13:37:30.196000","0","0","203000000000018910","2017-09-13 15:51:04.022000","","0","20006","50","937371444"<endrec>
"2","5","Loyalty points issue from Deposit to {CreditParty}","Loyalty points issue from Deposit to {DebitParty}","1005","1004","1004","Customer Deposit Loyalty Charge","10001375","Customer Deposit Loyalty Charge","","203000000000018910","2017-06-30 13:38:10.185000","0","0","203000000000036503","2018-12-05 04:16:36.414000","","0","20006","50","937371445"<endrec>
"2","5","Loyalty points issue from Deposit to {CreditParty}","Loyalty points issue from Deposit to {DebitParty}","1005","1004","1004","Customer Deposit Loyalty Charge","10001375","Customer Deposit Loyalty Charge","1","203000000000018910","2017-06-30 13:39:12.364000","0","0","203000000000036503","2018-12-05 04:16:36.429000","","0","20006","30","937371446"<endrec>
"2","3","Registration Commission","Registration Commission Paid to {ChargeReceiver}","1005","1006","1006","Registration Commission at Activation","10001531","Registration Commission at Activation","","203000000000010811","2017-07-21 15:18:15.805000","","1","203000000000010811","2017-07-21 15:23:14.765000","","0","20006","60","937376670"<endrec>
"3","3","","","1005","1013","1013","Registration on Customer Activation","10001532","Registration on Customer Activation","","203000000000010811","2017-07-21 15:24:25.470000","0","1","203000000000010811","2017-07-21 15:24:34.324000","","0","27","30","937376671"<endrec>
"3","3","Customer Activation Commission from {ChargePayer}","Customer Activation Commission to {ChargeReceiver}","1005","1013","1013","Commission to Agent when Customer be activated","10001541","Customer Activation Commission","","203000000000026102","2017-07-27 05:32:02.275000","0","1","203000000000026102","2017-07-27 05:33:01.992000","","0","27","30","937378435"<endrec>
"2","3","FT Commission for Cash In from {ChargePayer}","FT Commission for Cash In to {ChargeReceiver}","1005","1006","1006","FT Commission for Cash In","10001542","FT Commission for Cash In","","203000000000026102","2017-07-27 05:37:25.091000","0","1","203000000000026102","2017-07-27 08:35:21.545000","","0","20006","30","937378436"<endrec>
"2","1","Airtime Purchase Discount Charge","Airtime Commission","1003","1003","1005","Airtime Purchase Discount Charge","10000027","Airtime Purchase Discount Charge","","203000000000015728","2017-08-15 14:50:05.081000","0","0","203000000000015728","2017-08-15 14:50:24.061000","","0","20018","30","937389604"<endrec>
"3","1","{ChargeReceiver}(Service Provider)","{ChargePayer}(Initiator)","1001","1001","1005","Charge for Query Group List","10001551","Charge for Query Group List_X","","203000000000024610","2017-08-16 04:09:33.859000","0","0","203000000000024610","2017-08-16 04:09:54.700000","","0","27","30","937390568"<endrec>
"2","1","Loyalty points issue from group buy goods received from {ChargePayer}","Loyalty points issue from group buy goods to {DebitParty}","1003","1003","1005","Buy Goods Loyalty Charge","10001561","Group buy goods Loyalty","","203000000000019121","2017-08-23 11:06:59.642000","0","0","203000000000014911","2017-08-23 13:53:14.315000","","0","21504","50","937392715"<endrec>
"2","1","Loyalty points issue from group buy goods received from {ChargePayer}","Loyalty points issue from group buy goods to {DebitParty}","1003","1003","1004","Buy Goods Loyalty Charge","10001561","Group buy goods Loyalty","","203000000000014911","2017-08-23 13:53:04.573000","0","0","203000000000024612","2017-09-26 13:24:50.588000","","0","21504","50","937392735"<endrec>
"2","3","Registration Commission","Registration Commission Paid to {ChargeReceiver}","1004","1005","1005","Registration Commission at First Deposit","10001571","Registration Commission at First Deposit-sp","","203000000000015728","2017-08-29 12:13:37.333000","","1","203000000000015728","2017-08-29 12:32:01.992000","","0","20006","50","937393937"<endrec>
"2","3","Registration Commission","Registration Commission Paid to {ChargeReceiver}","1005","1005","1005","Registration Commission at First Deposit","10001571","Registration Commission at First Deposit-sp","","203000000000015728","2017-08-29 12:31:46.156000","0","1","203000000000015728","2017-08-29 12:32:02.010000","","0","20006","30","937393942"<endrec>
"2","5","Loyalty points issue from deposit received from {ChargePayer}","Loyalty points issue from deposit to {DebitParty}","1005","1004","1004","Agent Deposit Loyalty charge","10001374","Agent Deposit Loyalty charge","1","203000000000018910","2017-09-13 15:50:49.898000","0","0","203000000000018910","2017-09-13 15:55:52.712000","","0","20006","50","937407025"<endrec>
"2","5","Loyalty points issue from deposit received from {ChargePayer}","Loyalty points issue from deposit to {DebitParty}","1005","1004","1004","Agent Deposit Loyalty charge","10001374","Agent Deposit Loyalty charge","1","203000000000018910","2017-09-13 15:54:36.205000","0","0","203000000000018910","2017-09-13 15:55:52.719000","","0","20006","30","937407026"<endrec>
"2","1","","","1003","1003","1005","","10001581","C2B Direct Debit","1","203000000000019121","2017-09-14 08:47:57.459000","0","0","203000000000019121","2017-09-14 08:48:21.166000","","0","22598","30","937408022"<endrec>
"2","1","Loyalty points issue from group buy goods received from {ChargePayer}","Loyalty points issue from group buy goods to {DebitParty}","1003","1003","1005","Buy Goods Loyalty Charge","10001561","Group buy goods Loyalty","1","203000000000024612","2017-09-26 13:24:42.233000","0","0","203000000000014911","2018-03-30 12:28:52.793000","","0","21504","50","937415101"<endrec>
"2","1","","","1004","1004","1005","","10001591","IMT_Charge for Request Quote","1","203000000000014911","2017-10-03 07:26:17.826000","0","0","203000000000014911","2017-10-03 07:26:38.512000","","0","20802","30","937415232"<endrec>
"3","1","Group Apply Withdrawal Voucher charge","Group Apply Withdrawal Voucher charge","1004","1001","1005","Group Apply Withdrawal Voucher charge","10001601","Group Apply Withdrawal Voucher charge","1","203000000000014911","2017-11-08 08:54:29.580000","0","0","203000000000014911","2017-11-08 08:58:04.624000","","0","8","60","937423257"<endrec>
"3","1","","","1002","1002","1005","Group Request Withdrawal Voucher Charge","10001602","Group Request Withdrawal Voucher Charge","1","203000000000014911","2017-11-08 08:59:23.672000","0","0","203000000000014911","2017-11-08 08:59:33.077000","","0","8","30","937423260"<endrec>
"3","1","","","1002","1002","1005","Query Group Transactions","10001603","Query Group Transactions","1","203000000000014911","2017-11-08 11:04:45.629000","0","0","203000000000014911","2017-11-08 11:04:59.260000","","0","27","30","937423280"<endrec>
"2","5","","","1004","1004","1003","Send Money Extra Charge","10001611","Send Money Extra Charge","1","203000000000010811","2017-11-14 12:06:18.465000","0","0","203000000000010811","2017-11-14 12:11:50.067000","","0","20020","50","937427203"<endrec>
"2","5","","","1004","1004","1005","Send Money Extra Charge","10001611","Send Money Extra Charge","1","203000000000010811","2017-11-14 12:11:07.656000","0","0","203000000000028306","2017-12-12 11:16:30.094000","","0","20020","50","937427204"<endrec>
"2","1","","","1004","1004","1003","Pay Bill Fee","10001612","Pay Bill Fee","1","203000000000010811","2017-11-14 12:37:48.270000","0","0","203000000000010811","2017-11-14 12:37:59.501000","","0","24699","30","937427210"<endrec>
"2","2","","","1005","1003","1003","Pay Bill Commission","10001613","Pay Bill Commission","1","203000000000010811","2017-11-14 12:39:46.791000","0","0","203000000000010811","2017-11-14 12:39:56.799000","","0","24699","30","937427211"<endrec>
"2","1","test","test","1003","1003","1005","Pay Bill Credit","10001621","Pay Bill Credit","1","203000000000010811","2017-11-14 14:22:42.745000","0","0","203000000000010811","2017-11-14 14:23:17.684000","","0","24699","30","937428140"<endrec>
"2","1","","","1004","1004","1005","","10001622","Dynamic_Charge_NEW","1","203000000000014912","2017-11-16 05:21:41.137000","0","0","203000000000014912","2017-11-16 05:22:04.802000","","0","20020","30","937428282"<endrec>
"2","1","Customer Transfer from M-Pesa to Bank {DebitParty}","Customer Transfer from M-Pesa to Bank","1004","1004","1005","Transfer from M-Pesa to Bank","10001623","Transfer from M-Pesa to Bank","1","203000000000015728","2017-11-16 07:14:40.721000","0","0","203000000000015728","2017-11-16 07:15:12.315000","","0","22799","30","937428296"<endrec>
"2","1","Transfer from M-Pesa to Bank {DebitParty}","Transfer from M-Pesa to Bank","1004","1004","1005","Transfer from Bank to MPESA","10001624","Transfer from Bank to MPESA","1","203000000000016350","2017-11-16 11:31:15.821000","0","0","203000000000016350","2017-11-16 11:34:38.284000","","0","22799","50","937428313"<endrec>
"2","1","Transfer from Bank to MPESA {DebitParty}","Transfer from Bank to MPESA","1004","1004","1005","Transfer from Bank to MPESA","10001624","Transfer from Bank to MPESA","1","203000000000016350","2017-11-16 11:33:45.248000","0","0","203000000000016350","2017-11-16 11:34:38.296000","","0","22800","30","937428314"<endrec>
"2","1","Transfer from Bank to MPESA {DebitParty}","Transfer from Bank to MPESA","1004","1004","1005","Transfer from Bank to MPESA","10001624","Transfer from Bank to MPESA","1","203000000000015728","2017-11-16 12:46:03.480000","0","0","203000000000015728","2017-11-16 12:46:03.480000","","0","22800","10","937428330"<endrec>
"2","1","FXP2PCharge {DebitParty}","FXP2PCharge","1004","1004","1005","FXP2PCharge","10001625","FXP2PCharge","1","203000000000014912","2017-11-16 14:25:12.158000","0","0","203000000000014912","2017-11-16 14:25:25.608000","","0","23398","30","937428336"<endrec>
"3","1","CCH Add Group Member For {ChargePayer} Charge","CCH Add Group Member For {ChargePayer} Charge","1002","1002","1005","CCH Add Group Member","10001631","CCH Add Group Member","1","203000000000014911","2017-11-28 07:05:06.372000","","0","203000000000014911","2017-11-28 07:05:15.981000","","0","27","30","937432165"<endrec>
"3","1","CCH Remove Group Member For {ChargePayer} Charge","CCH Remove Group Member For {ChargePayer} Charge","1002","1002","1005","CCH Remove Group Member","10001632","CCH Remove Group Member","1","203000000000019121","2017-11-28 12:39:49.241000","","0","203000000000019121","2017-11-28 12:40:09.989000","","0","27","30","937432183"<endrec>
"2","5","Send Money Extra Charge received from {ChargePayer}","Send Money Extra Charge Paied to {ChargeReceiver}","1004","1004","1005","Send Money Extra Charge","10001611","Send Money Extra Charge","1","203000000000028306","2017-12-12 11:16:18.347000","0","0","203000000000020211","2018-01-13 00:21:54.498000","","0","20020","50","937437190"<endrec>
"2","1","","","1004","1004","1005","Group Charge","10001641","Group Charge","1","203000000000010811","2017-12-12 13:17:34.047000","0","0","203000000000010811","2017-12-12 13:17:47.814000","","0","22800","30","937437206"<endrec>
"2","1","","","1004","1004","1005","","10001651","Organization Redeem Withdrawal Voucher charge tpe","1","203000000000025034","2017-12-22 11:21:56.329000","0","0","203000000000025034","2017-12-22 11:22:08.049000","","0","22498","30","937438222"<endrec>
"2","2","Pay Merchant Commission","Pay Merchant Commission","1005","1003","1003","Pay Merchant Commission","10001661","Pay Merchant Commission","1","203000000000014911","2018-01-04 07:28:31.058000","0","0","203000000000014911","2018-01-04 07:30:53.068000","","0","20008","50","937448322"<endrec>
"2","2","Pay Merchant Commission","Pay Merchant Commission","1005","1003","1003","Pay Merchant Commission","10001661","Pay Merchant Commission","1","203000000000014911","2018-01-04 07:30:44.350000","0","0","203000000000014911","2018-01-04 07:30:53.076000","","0","20010","30","937448323"<endrec>
"3","1","Change Secret Word","Change Secret Word","1001","1001","1005","Change Secret Word","10001671","Change Secret Word","1","203000000000014911","2018-01-05 05:44:19.314000","","0","203000000000014911","2018-01-05 05:44:33.615000","","0","27","30","937450260"<endrec>
"3","1","Change Secret Word By Operator","Change Secret Word By Operator","1001","1001","1005","Change Secret Word By Operator","10001672","Change Secret Word By Operator","1","203000000000014911","2018-01-05 06:23:04.060000","","0","203000000000014911","2018-01-05 06:23:15.098000","","0","27","30","937450266"<endrec>
"3","1","Create Group By SP","Create Group By SP","1002","1002","1005","Create Group By SP","10001673","Create Group By SP","1","203000000000014911","2018-01-05 07:29:47.151000","","0","203000000000014911","2018-01-05 08:27:26.454000","","0","27","50","937450274"<endrec>
"3","1","Create Group By SP Operator","Create Group By SP Operator","1010","1001","1005","Create Group By SP Operator","10001674","Create Group By SP Operator","1","203000000000014911","2018-01-05 07:44:27.076000","","0","203000000000014911","2018-01-05 08:27:33.765000","","0","27","60","937450279"<endrec>
"3","1","Create Group By SP","Create Group By SP","1001","1001","1005","Create Group By SP","10001673","Create Group By SP","1","203000000000014911","2018-01-05 08:27:17.381000","0","0","203000000000014911","2018-01-05 08:27:26.462000","","0","27","30","937450286"<endrec>
"2","1","Reversal Charge","Reversal Charge","1003","1003","1005","In - net B2C Reversal Charge","10001681","In - net B2C Reversal Charge","1","203000000000014911","2018-01-12 17:21:24.419000","0","0","203000000000014911","2018-01-12 17:21:24.419000","","0","21101","10","937452282"<endrec>
"2","5","Loyalty points issue from buy goods received from {ChargePayer}","Loyalty points issue from buy goods to {DebitParty}","1003","1003","1004","Buy Goods Loyalty Charge","10001331","Buy Goods Loyalty Charge","1","203000000000014912","2018-01-12 20:28:36.489000","0","0","203000000000025034","2018-02-28 09:47:32.385000","","0","20008","50","937453265"<endrec>
"2","5","","","1004","1004","1003","Send Money Extra Charge","10001611","Send Money Extra Charge","1","203000000000020211","2018-01-13 00:21:47.832000","0","0","203000000000020211","2018-01-13 00:25:45.997000","","0","20020","50","937453274"<endrec>
"2","5","","","1004","1004","1005","Send Money Extra Charge","10001611","Send Money Extra Charge","1","203000000000020211","2018-01-13 00:25:38.936000","0","0","203000000000020211","2018-01-13 00:30:14.254000","","0","20020","50","937453275"<endrec>
"2","5","Send Money Extra Charge received from {ChargePayer}","Send Money Extra Charge Paied to {ChargeReceiver}","1004","1004","1005","Send Money Extra Charge","10001611","Send Money Extra Charge","1","203000000000020211","2018-01-13 00:29:42.836000","0","0","203000000000020211","2018-01-13 00:30:14.263000","","0","20020","30","937453276"<endrec>
"2","5","","","1004","1004","1003","","10001691","Extra Pay Bill","1","203000000000020211","2018-01-16 11:54:57.018000","0","0","203000000000020211","2018-01-16 12:02:11.299000","","0","20009","50","937453291"<endrec>
"2","5","","","1004","1004","1003","","10001691","Extra Pay Bill","1","203000000000020211","2018-01-16 12:02:02.671000","0","0","203000000000020211","2018-01-16 12:02:11.356000","","0","24699","30","937453292"<endrec>
"2","1","{ChargePayer}{AccountName}","{ChargePayer}{AccountName}","1004","1004","1005","","10001701","In-net B2C Payment Reversal","1","203000000000015423","2018-01-17 08:24:23.884000","0","0","203000000000015423","2018-01-17 08:24:49.127000","","0","21101","30","937455323"<endrec>
"2","1","{ChargePayer}{AccountName}","{ChargePayer}{AccountName}","1004","1004","1005","","10001702","B2C Payment Reversal","1","203000000000015423","2018-01-18 07:36:16.483000","0","0","203000000000015423","2018-01-18 07:36:30.760000","","0","21198","30","937455378"<endrec>
"2","1","","","1004","1004","1005","","10001711","Reversal Charge","1","203000000000010806","2018-01-22 13:00:17.622000","0","0","203000000000010806","2018-01-22 13:00:33.655000","","0","20005","30","937456366"<endrec>
"2","1","","","1003","1003","1005","","10001712","Reverse Charge Testing","1","203000000000010806","2018-01-22 13:02:04.606000","0","0","203000000000010806","2018-01-22 13:02:17.677000","","0","20027","30","937456368"<endrec>
"2","3","FT Commission for Cash In from {ChargePayer}","FT Commission for Cash In to {ChargeReceiver}","1005","1006","1006","FT Commission for Cash In For Advance Transaction","10001721","FT Commission for Cash In For Advance Transaction","1","203000000000014911","2018-01-24 08:59:32.796000","0","1","203000000000014911","2018-01-24 08:59:45.773000","","1","20006","30","937459354"<endrec>
"3","1","Organization Operator Request Withdrawal Voucher Charge","Organization Operator Request Withdrawal Voucher Charge","1002","1002","1005","Organization Operator Request Withdrawal Voucher Charge","10001731","Organization Operator Request Withdrawal Voucher Charge","1","203000000000014911","2018-01-30 05:58:06.783000","0","0","203000000000014911","2018-01-30 05:58:25.796000","","0","8","30","937460353"<endrec>
"2","1","Deposit at ATM Charge","Deposit at ATM Charge","1004","1004","1005","","10001741","Deposit at ATM Charge","1","203000000000014911","2018-02-02 05:52:08.963000","0","0","203000000000014911","2018-02-02 05:52:39.072000","","0","20006","30","937461370"<endrec>
"3","1","","","1002","1002","1005","Query Group MiniStatement","10001742","Query Group MiniStatement","1","203000000000010811","2018-02-07 08:58:37.160000","0","0","203000000000010811","2018-02-07 08:58:52.451000","","0","5731","30","937461465"<endrec>
"2","1","1","1","1004","1004","1005","1","10001751","1","1","203000000000020211","2018-02-09 07:53:35.300000","0","0","203000000000020211","2018-02-09 07:53:45.870000","","0","20027","30","937462313"<endrec>
"2","5","Loyalty points issue from buy goods received from {AccountName}","Loyalty points issue from buy goods to {AccountName}","1003","1003","1004","Buy Goods Loyalty Charge","10001331","Buy Goods Loyalty Charge","1","203000000000025034","2018-02-28 09:38:47.395000","0","0","203000000000025034","2018-02-28 09:51:17.649000","","0","20008","50","937464398"<endrec>
"2","5","Loyalty points issue from buy goods {ChargePayer}","Loyalty points issue from buy goods to {DebitParty}","1003","1003","1004","Buy Goods Loyalty Charge","10001331","Buy Goods Loyalty Charge","1","203000000000025034","2018-02-28 09:50:27.183000","0","0","203000000000024612","2018-03-05 03:19:41.519000","","0","20008","50","937464401"<endrec>
"3","1","","","1002","1002","1005","Create Reminder","10001761","Create Reminder","1","203000000000010811","2018-03-01 11:50:05.264000","0","0","203000000000010811","2018-03-01 11:50:19.307000","","0","27","30","937465428"<endrec>
"3","1","","","1010","1001","1005","","10001762","Reminder Test","1","203000000000010806","2018-03-01 14:02:00.029000","0","0","203000000000010806","2018-03-01 14:02:12.437000","","0","27","30","937465434"<endrec>
"3","1","","","1010","1002","1005","","10001763","Reminder Test1","1","203000000000010806","2018-03-01 14:06:25.390000","0","0","203000000000010806","2018-03-01 14:06:33.439000","","0","27","30","937465437"<endrec>
"3","1","","","1001","1001","1005","","10001764","Create Reminder USSD","1","203000000000010811","2018-03-01 14:16:01.382000","0","0","203000000000010811","2018-03-01 14:16:20.715000","","0","27","30","937465439"<endrec>
"2","5","Loyalty points issue from buy goods received from {ChargePayer}","Loyalty points issue from buy goods to {DebitParty}","1003","1003","1004","Buy Goods Loyalty Charge","10001331","Buy Goods Loyalty Charge","1","203000000000024612","2018-03-05 03:19:32.381000","0","0","203000000000036503","2019-02-27 10:50:26.978000","","0","20008","50","937465478"<endrec>
"3","1","","","1002","1002","1005","","10001771","Confirm Membership1","1","203000000000010811","2018-03-06 11:04:00.690000","0","0","203000000000010811","2018-03-06 11:04:15.020000","","0","27","30","937466575"<endrec>
"3","1","","","1002","1002","1005","","10001781","Create Debit Mandate","1","203000000000010811","2018-03-15 11:41:02.252000","0","0","203000000000010811","2018-03-15 11:41:56.960000","","0","27","30","937469550"<endrec>
"2","1","Withdrawal at ATM","Withdrawal at ATM","1004","1004","1005","","10001791","ATM Withdrawal","1","203000000000010811","2018-03-21 08:51:48.979000","0","0","203000000000010811","2018-03-21 08:52:09.890000","","0","20008","30","937470622"<endrec>
"2","1","Loyalty points issue from group buy goods received from {ChargePayer}","Loyalty points issue from group buy goods to {DebitParty}","1003","1003","1005","Buy Goods Loyalty Charge","10001561","Group buy goods Loyalty","1","203000000000014911","2018-03-30 12:28:45.331000","0","0","203000000000014911","2018-03-30 12:33:09.226000","","0","21504","50","937472577"<endrec>
"2","1","Loyalty points issue from group buy goods received from {ChargePayer}","Loyalty points issue from group buy goods to {DebitParty}","1003","1003","1004","Buy Goods Loyalty Charge","10001561","Group buy goods Loyalty","1","203000000000014911","2018-03-30 12:33:01.688000","0","0","203000000000024612","2018-04-02 10:34:39.703000","","0","21504","50","937472579"<endrec>
"2","1","Loyalty points issue from group buy goods received from {ChargePayer}","Loyalty points issue from group buy goods to {DebitParty}","1003","1003","1001","Buy Goods Loyalty Charge","10001561","Group buy goods Loyalty","1","203000000000024612","2018-04-02 10:34:31.424000","0","0","203000000000024612","2018-04-02 10:35:25.341000","","0","21504","50","937473553"<endrec>
"2","1","Loyalty points issue from group buy goods received from {ChargePayer}","Loyalty points issue from group buy goods to {DebitParty}","1003","1003","1001","Buy Goods Loyalty Charge","10001561","Group buy goods Loyalty","1","203000000000024612","2018-04-02 10:35:17.121000","0","0","203000000000024612","2018-04-02 10:39:02.062000","","0","21504","50","937473554"<endrec>
"2","1","LoyaltyPointGroupBuyGoods  {ChargePayer} to {ChargeReceiver}  {AccountName}","LoyaltyPointGroupBuyGoods  {ChargePayer} to {ChargeReceiver}","1003","1003","1001","Buy Goods Loyalty Charge","10001561","Group buy goods Loyalty","1","203000000000024612","2018-04-02 10:38:29.166000","0","0","203000000000024612","2018-04-02 10:39:24.110000","","0","21504","50","937473555"<endrec>
"2","1","LoyaltyPointGroupBuyGoods  {ChargePayer} to {ChargeReceiver}  {AccountName}","LoyaltyPointGroupBuyGoods  {ChargePayer} to {ChargeReceiver}","1003","1003","1004","Buy Goods Loyalty Charge","10001561","Group buy goods Loyalty","1","203000000000024612","2018-04-02 10:39:16.555000","0","0","203000000000024612","2018-04-02 10:39:24.141000","","0","21504","30","937473556"<endrec>
"2","5","LoyaltyPointBuyGoods :{ChargePayer} to {ChargeReceiver}  {AccountName}","LoyaltyPointBuyGoods :{ChargePayer} to {ChargeReceiver}","1003","1003","1004","","10001801","LoyaltyPointBuyGoods","1","203000000000024612","2018-04-02 11:08:32.957000","0","0","203000000000024612","2018-04-02 11:08:57.872000","","0","21504","30","937473557"<endrec>
"2","1","Airtime Purchase Discount Charge","Airtime Commission","1003","1003","1005","Airtime Purchase Discount Charge","10000027","Airtime Purchase Discount Charge","1","203000000000014912","2018-04-26 07:50:37.289000","0","0","203000000000014912","2018-04-26 07:50:37.289000","","0","20018","10","937482550"<endrec>
"2","1","","","1003","1003","1005","","10001811","B2B Direct Debit","1","203000000000018910","2018-04-27 08:05:00.869000","0","0","203000000000018910","2018-04-27 08:05:15.563000","","0","22598","30","937483577"<endrec>
"3","1","Add Member For {ChargePayer} Charge","Add Group Member For {ChargePayer} Charge","1002","1002","1005","Add Group Member","10001821","Add Group Member","1","203000000000018910","2018-05-01 13:48:29.532000","","0","203000000000018910","2018-05-01 13:48:38.090000","","0","27","30","937486629"<endrec>
"2","1","{ChargePayer}{AccountName}","{ChargePayer}{AccountName}","1004","1004","1005","","10001822","Group deposit at ATM with voucher","1","203000000000018910","2018-05-02 10:32:28.456000","0","0","203000000000018910","2018-05-02 10:33:55.815000","","0","20006","30","937486662"<endrec>
"2","1","Customer Transfer Money to Group Charge from {DebitParty}","Customer Transfer Money to Group Charge from {DebitParty}","1004","1004","1005","","10001823","Group P2G Transfer with Reversal","1","203000000000016350","2018-05-02 12:40:42.901000","0","0","203000000000016350","2018-05-02 12:40:56.428000","","0","22399","30","937486673"<endrec>
"2","3","","","1005","1007","1007","IBM Airtime registration commission","10001831","IBM Airtime registration commission first time","1","203000000000034103","2018-05-09 11:20:53.997000","0","1","203000000000034103","2018-05-09 11:22:23.831000","","0","20018","30","937487593"<endrec>
"2","1","Withdrawal Charge from Customer","Withdrawal of Funds Through Agent Charge","1004","1004","1005","Withdrawal Charge to SP","10001841","Withdrawal Charge to SP from cust","1","203000000000018910","2018-05-21 13:15:57.265000","","0","203000000000018910","2018-05-21 13:16:15.997000","","0","20008","30","937495620"<endrec>
"3","1","Register Customer {ChargePayer} Charge","Register Customer For {ChargePayer} Charge","1002","1002","1005","Register Customer","10001851","Register Customer","1","203000000000010806","2018-05-22 13:23:07.401000","","0","203000000000010806","2018-05-22 13:23:20.248000","","0","27","30","937496650"<endrec>
"3","1","","","1002","1002","1005","Query Group List","10001861","Query Group List","1","203000000000012704","2018-06-01 15:34:41.801000","0","0","203000000000026821","2018-06-20 08:59:07.488000","","0","27","50","937498744"<endrec>
"2","1","Redeem voucher","Redeem voucher","1004","1004","1005","Redeem voucher","10001862","Redeem voucher","1","203000000000018910","2018-06-04 06:53:53.697000","0","0","203000000000018910","2018-06-04 06:54:09.235000","","0","21806","30","937498748"<endrec>
"2","1","Redeem voucher","Redeem voucher","1003","1003","1005","Redeem voucher123","10001863","Redeem voucher123","1","203000000000018910","2018-06-04 07:18:54.985000","0","0","203000000000018910","2018-06-04 07:19:45.983000","","0","21806","30","937498750"<endrec>
"3","1","{ChargeReceiver}","{ChargePayer}","1002","1002","1001","Query Group List","10001861","Query Group List","1","203000000000026821","2018-06-20 08:58:55.340000","0","0","203000000000014912","2018-12-06 13:20:38.262000","","0","27","50","937510119"<endrec>
"2","1","Deposit At ATM Charge1","Deposit At ATM Charge1","1004","1004","1005","","10001871","Deposit At ATM Charge1","1","203000000000026611","2018-06-20 15:28:11.521000","0","0","203000000000026611","2018-06-20 15:29:46.209000","","0","20006","30","937510164"<endrec>
"3","1","","","1001","1001","1005","Create Reminder2","10001881","Create Reminder2","1","203000000000034103","2018-08-01 11:05:59.683000","0","0","203000000000034103","2018-08-01 11:06:14.070000","","0","27","30","937515845"<endrec>
"2","1","{CreditParty} Send Money to Customer Fee.","{DebitParty} Send Money to Customer Fee.","1004","1004","1005","","10001891","smcharge100","1","203000000000036503","2018-09-27 12:34:56.901000","0","0","203000000000036503","2018-09-27 12:35:08.877000","","0","27499","30","937533787"<endrec>
"2","1","Customer Send Money To Unregistered User Charge from {DebitParty}","Customer Send Money To Unregistered User Charge","1004","1004","1005","Send Money Charge","10001892","Send Money Off - Net Charge","1","203000000000014911","2018-09-28 07:54:49.411000","0","0","203000000000014911","2018-09-28 07:54:57.914000","","0","23199","30","937533845"<endrec>
"2","1","","","1004","1004","1005","","10001901","Customer Buy Goods With Foreign Exchange","1","203000000000036503","2018-10-11 09:48:47.598000","0","0","203000000000036503","2018-10-11 09:49:01.439000","","0","27598","30","937536772"<endrec>
"2","1","{CreditParty} Send Money to Customer Fee.","{DebitParty} Send Money to Customer Fee.","1004","1004","1005","","10001911","smcharge2100","1","203000000000036503","2018-10-17 10:58:07.835000","0","0","203000000000036503","2018-10-17 10:58:30.672000","","0","27499","30","937538735"<endrec>
"2","1","B2C Payment Charge","B2C Payment Charge","1004","1004","1005","[Web]Fee for B2C Payment01","10001921","[Web]Fee for B2C Payment01","1","203000000000036503","2018-10-19 10:42:06.655000","0","0","203000000000036503","2018-10-19 10:42:15.944000","","0","27698","30","937539772"<endrec>
"2","5","B2C Payment Withdrawal Charge Received","B2C Payment Withdrawal Charge Paid To Customer","1004","1004","1003","[Web]Fee For B2C Payment Withdrawal Charge Paid To Customer01","10001922","[Web]Fee For B2C Payment Withdrawal Charge Paid To Customer01","1","203000000000036503","2018-10-19 10:45:59.213000","0","0","203000000000036503","2018-10-19 10:46:08.157000","","0","27698","30","937539774"<endrec>
"2","5","Loyalty points issue from depositreceived from {ChargePayer}","Loyalty points issue from Deposit to {DebitParty}","1003","1003","1004","P2P Loyalty Charge","10001371","Deposit Loyalty Charge","1","203000000000036503","2018-12-05 04:18:29.012000","0","0","203000000000036503","2018-12-06 08:57:11.269000","","0","20006","50","937550750"<endrec>
"2","5","Loyalty points issue from depositreceived from {ChargePayer}","Loyalty points issue from Deposit to {DebitParty}","1004","1004","1003","Deposit Loyalty Charge","10001371","Deposit Loyalty Charge","1","203000000000036503","2018-12-06 08:57:00.726000","0","0","203000000000036503","2018-12-06 08:57:11.280000","","0","20006","30","937551758"<endrec>
"3","1","{ChargeReceiver}","{ChargePayer}","1002","1002","1005","Query Group List","10001861","Query Group List","1","203000000000014912","2018-12-06 13:20:28.213000","0","0","203000000000014912","2018-12-06 13:20:38.294000","","0","27","30","937551790"<endrec>
"2","1","Charge For P2G by Group For SP","Charge For P2G by Group","1003","1003","1005","Charge For P2G by Group","10001931","Charge For P2G by Group","1","203000000000014911","2018-12-07 07:53:16.602000","0","0","203000000000014911","2018-12-07 07:53:28.564000","","0","22399","30","937552752"<endrec>
"2","1","Charge from {Pre-Validation}","Charge from {Pre-Validation}","1004","1004","1005","Pre Validation for Send Money","10001941","Pre Validation","1","203000000000015423","2019-01-04 07:12:27.520000","0","0","203000000000015423","2019-01-04 07:31:09.623000","","0","20020","60","937566827"<endrec>
"2","1","Charge from {CreditParty} {Pre-Validation}","Charge from {DebitParty} {Pre-Validation}","1004","1004","1005","","10001942","Charge for PreValidation","1","203000000000015423","2019-01-04 10:26:21.301000","0","0","203000000000015423","2019-01-04 10:27:04.031000","","0","27898","30","937566841"<endrec>
"2","1","Deposit At ATM Charge Test","Deposit At ATM Charge Test","1004","1004","1005","","10001951","Deposit At ATM Charge Test","1","203000000000035915","2019-01-16 05:59:16.149000","0","0","203000000000035915","2019-01-16 06:00:21.304000","","0","20006","30","937567749"<endrec>
"3","1","New PIN Unlock For {ChargePayer} Charge","New PIN Unlock For {ChargePayer} Charge","1002","1002","1001","CCH Unlock Customer PIN Charge","10001501","CCH Unlock Customer PIN Charge","1","203000000000016349","2019-01-23 07:20:14.629000","0","0","203000000000016349","2019-01-23 12:25:48.993000","","0","27","50","937569769"<endrec>
"3","1","New PIN Unlock For {ChargePayer} Charge","New PIN Unlock For {ChargePayer} Charge","1002","1002","1001","CCH Unlock Customer PIN Charge","10001501","CCH Unlock Customer PIN Charge","1","203000000000016349","2019-01-23 12:25:34.485000","0","0","203000000000016349","2019-01-23 12:25:49.094000","","0","27","30","937570725"<endrec>
"2","1","Open API C2B payment received from {DebitParty}","Open API C2B Charge","1004","1004","1005","[Open API] C2B Charge by Customer copied from Pay Bill Fee","10001961","[Open API] C2B Charge by Customer","1","203000000000040411","2019-02-08 18:22:29.675000","0","0","203000000000040411","2019-04-08 12:37:44.480000","","0","20009","60","937572760"<endrec>
"2","1","Customer to Business Payment recieved from {CreditParty}","Customer to Business Payment Charge","1003","1003","1005","[Open API] C2B Charge by Organisation","10001962","[Open API] C2B Charge by Organisation","1","203000000000040411","2019-02-08 18:29:48.812000","0","0","203000000000040411","2019-02-28 21:54:43.037000","","0","20009","50","937572761"<endrec>
"2","5","Loyalty points issue from buy goods received from {ChargePayer}","Loyalty points issue from buy goods to {DebitParty}","1003","1003","1004","PayBill_VDF_Demo Loyalty Charge","10001963","PayBill_VDF_Demo Loyalty Charge","1","203000000000036503","2019-02-15 07:19:04.467000","0","0","203000000000036503","2019-02-15 07:19:35.945000","","0","24699","30","937572790"<endrec>
"3","1","New PIN Unlock For {ChargePayer} Charge","New PIN Unlock For {ChargePayer} Charge","1002","1002","1001","Unlock Operator PIN Charge","10001971","Unlock Operator PIN Charge","1","203000000000015423","2019-02-26 13:21:53.425000","0","0","203000000000015423","2019-02-26 13:22:05.448000","","0","27","30","937580769"<endrec>
"2","5","Loyalty points issue from buy goods received from {ChargePayer}","Loyalty points issue from buy goods to {DebitParty}","1005","1004","1004","Buy Goods Loyalty Charge","10001331","Buy Goods Loyalty Charge","1","203000000000036503","2019-02-27 10:50:14.506000","0","0","203000000000036503","2019-02-27 10:50:27.100000","","0","20008","30","937583759"<endrec>
"2","1","Customer to Business Payment received from {CreditParty}","Customer to Business Payment Charge","1003","1003","1005","[Open API] C2B Charge by Organisation","10001962","[Open API] C2B Charge by Organisation","1","203000000000040411","2019-02-28 21:52:44.022000","0","0","203000000000040411","2019-02-28 21:54:43.047000","","0","20009","30","937583793"<endrec>
"2","1","Business to Customer Payment received from {CreditParty}","Business to Customer Payment Charge","1004","1004","1005","[Open API] B2C Charge by Organisation","10001981","[Open API] B2C Charge by Organisation","1","203000000000040411","2019-03-13 01:24:31.712000","0","0","203000000000040411","2019-03-13 01:24:43.320000","","0","20004","30","937585812"<endrec>
"2","1","Loyalty points issue from buy goods received from {ChargePayer}","Loyalty points issue from buy goods to {DebitParty}","1005","1004","1004","Customer Buy Goods Loyalty Charge","10001982","Customer Buy Goods Loyalty Charge","1","203000000000014911","2019-03-14 05:50:24.308000","0","0","203000000000014911","2019-03-14 05:50:36.332000","","0","20008","30","937585828"<endrec>
"2","1","","","1004","1004","1005","","10001983","Charge_1234","1","203000000000019116","2019-03-18 07:40:56.774000","0","0","203000000000019116","2019-03-18 07:47:28.374000","","0","20006","30","937585859"<endrec>
"3","1","","","1001","1001","1005","Query Group Transactions by initiator","10001991","Query Group Transactions by initiator","1","203000000000035915","2019-03-18 10:45:13.856000","0","0","203000000000035915","2019-03-18 10:45:30.749000","","0","27","30","937586759"<endrec>
"2","1","","","1004","1004","1005","","10002001","Loyalty","1","203000000000012704","2019-03-20 13:35:06.291000","0","0","203000000000012704","2019-03-20 13:35:20.985000","","0","20008","30","937588760"<endrec>
"2","1","Deposit At ATM Charge1","Deposit At ATM Charge1","1004","1004","1005","","10002011","Deposit At ATM Charge test 1","1","203000000000019121","2019-03-27 11:42:23.872000","0","0","203000000000019121","2019-03-27 11:43:02.034000","","0","20006","30","937593765"<endrec>
"2","5","","","1004","1004","1005","","10002301","ChargeType888","1","203000000000019602","2019-08-21 11:15:53.079000","0","0","203000000000019602","2019-08-21 11:16:15.684000","","0","20006","30","937641789"<endrec>
"2","1","Deposit ATM New","Deposit ATM New","1004","1004","1005","","10002351","Deposit ATM New","1","203000000000026611","2019-09-17 06:18:16.610000","0","0","203000000000026611","2019-09-17 06:19:09.641000","","0","20006","30","937646789"<endrec>
"2","3","FT commission for Organisation payment{ChargePayer}","FT commission for Organisation payment{ChargeReceiver}","1005","1006","1006","FT commission for Organisation payment","10002531","FT commission for Organisation payment","1","203000000000035915","2019-09-25 11:19:40.989000","0","1","203000000000035915","2019-09-25 11:20:17.287000","","1","20022","30","937664823"<endrec>
"2","2","Test Cashback to customer from {ChargePayer} for{CreditParty}","Test Cashback to customer from {ChargeReceiver} for{CreditParty}","1005","1004","1004","","10002532","SZ_Cashback to customer_test","1","203000000000010805","2019-10-11 14:35:11.640000","0","0","203000000000010805","2019-10-11 14:35:26.918000","","0","20010","30","937665063"<endrec>
"2","4","Customer Send Money To Unregistered User Liable Commission","Customer Send Money To Unregistered User Liable Commission","1005","1004","1005","Send Money Liable Commission","10000055","Send Money Liable Commission","","203000000000010002","2014-04-10 11:07:10.951000","","0","203000000000010002","2014-04-10 11:09:08.950000","","0","20020","30","937683816"<endrec>
"2","1","Customer Send Money To Unregistered User Charge from {DebitParty}","Customer Send Money To Unregistered User Charge","1004","1004","1005","Send Money Charge","10000047","Send Money Charge","","203000000000010002","2014-04-03 14:28:44.233000","","0","203000000000010002","2014-04-07 11:14:56.712000","","0","20020","30","937683817"<endrec>
