REASON_CHARGE_ID,RELATED_REASON_CHARGE_ID,REL_ID,REVERSAL_MODE                                                                                                                                                                                                                                                                                                                                                                                                                                                                                                                                                                                                                                                                                                                                                                                                                                                                                                                                                                          <endrec>
"20450","0","30161220","0"<endrec>
"20493","0","30109888","0"<endrec>
"20493","0","30161225","0"<endrec>
"20540","0","30072513","0"<endrec>
"20540","0","30121043","0"<endrec>
"20571","0","30161222","0"<endrec>
"20572","0","30072512","0"<endrec>
"20572","0","30121042","0"<endrec>
"20589","0","30160212","1"<endrec>
"20627","0","30161248","1"<endrec>
"20627","0","937142896","1"<endrec>
"20627","0","937142898","1"<endrec>
"20682","","937182461","0"<endrec>
"20682","0","937191467","0"<endrec>
"20775","0","30161245","0"<endrec>
"20776","0","30161245","1"<endrec>
"20794","0","30161212","1"<endrec>
"20802","0","30161210","1"<endrec>
"20830","0","30109888","0"<endrec>
"20830","0","30161225","0"<endrec>
"20945","0","30121042","1"<endrec>
"20951","0","30160212","1"<endrec>
"20951","0","30161248","1"<endrec>
"20951","0","937142896","1"<endrec>
"20951","0","937142898","1"<endrec>
"20953","0","30161240","1"<endrec>
"20954","0","30161240","0"<endrec>
"20959","0","30161241","0"<endrec>
"20960","0","30161241","1"<endrec>
"21019","","30161213","0"<endrec>
"21021","","937191491","0"<endrec>
"21021","0","937212745","0"<endrec>
"21021","0","937326877","0"<endrec>
"21021","0","937366165","0"<endrec>
"21021","0","937472515","0"<endrec>
"21021","0","937496595","0"<endrec>
"21021","0","937496603","0"<endrec>
"21021","0","937578744","0"<endrec>
"21022","0","30161246","0"<endrec>
"21023","0","30121043","1"<endrec>
"21023","0","30161246","1"<endrec>
"21024","0","30161221","0"<endrec>
"21024","0","30161223","0"<endrec>
"21024","0","937159163","0"<endrec>
"21025","","30109887","0"<endrec>
"21025","0","30161224","0"<endrec>
"21026","","30109887","0"<endrec>
"21026","0","30161224","0"<endrec>
"21059","0","30161216","1"<endrec>
"21060","0","30161216","1"<endrec>
"21061","0","30161217","1"<endrec>
"21062","0","30161217","1"<endrec>
"21063","0","30161234","1"<endrec>
"21064","0","30161234","1"<endrec>
"21065","0","30161235","1"<endrec>
"21066","0","30161235","1"<endrec>
"21089","","937159162","0"<endrec>
"21090","","937188475","1"<endrec>
"21090","","937191495","0"<endrec>
"21090","0","937209716","1"<endrec>
"21090","0","937212749","0"<endrec>
"21090","0","937496617","1"<endrec>
"21113","0","30161229","1"<endrec>
"21113","0","937142900","1"<endrec>
"21114","0","30161229","1"<endrec>
"21114","0","937142900","1"<endrec>
"21126","","937182466","0"<endrec>
"21128","","30118942","0"<endrec>
"21128","0","937182473","0"<endrec>
"21129","","30118942","1"<endrec>
"21129","0","937182473","1"<endrec>
"21130","","30118943","0"<endrec>
"21131","","30118943","1"<endrec>
"21132","","937182465","0"<endrec>
"21136","","30118940","0"<endrec>
"21137","","30118940","1"<endrec>
"21140","0","30118937","0"<endrec>
"21141","0","30118937","1"<endrec>
"21142","0","30118936","0"<endrec>
"21143","0","30118936","1"<endrec>
"21144","","30118944","0"<endrec>
"21145","","30118944","1"<endrec>
"21146","","30118945","0"<endrec>
"21147","","30118945","1"<endrec>
"21148","","937182462","0"<endrec>
"21150","","30118932","0"<endrec>
"21151","","30118932","1"<endrec>
"21152","","30118931","0"<endrec>
"21153","","30118931","1"<endrec>
"21155","","30118946","0"<endrec>
"21155","0","937182477","0"<endrec>
"21156","","30118946","1"<endrec>
"21156","0","937182477","1"<endrec>
"21157","","937182472","0"<endrec>
"21157","0","937191478","0"<endrec>
"21157","0","937268790","0"<endrec>
"21157","0","937497874","0"<endrec>
"21157","0","937497885","0"<endrec>
"21157","0","937497896","0"<endrec>
"21157","0","937500874","0"<endrec>
"21157","0","937500885","0"<endrec>
"21157","0","937501881","0"<endrec>
"21158","","30118939","0"<endrec>
"21159","","30118939","1"<endrec>
"21163","","30118947","0"<endrec>
"21163","0","937182478","0"<endrec>
"21164","","30118947","1"<endrec>
"21164","0","937182478","1"<endrec>
"21166","0","30161243","0"<endrec>
"21167","0","30161243","1"<endrec>
"21172","0","30161236","0"<endrec>
"21172","0","30161239","0"<endrec>
"21173","0","30161236","1"<endrec>
"21173","0","30161239","1"<endrec>
"21174","0","30161238","1"<endrec>
"21175","0","30161238","0"<endrec>
"21176","0","30161244","1"<endrec>
"21177","0","30161244","0"<endrec>
"21178","","937188473","1"<endrec>
"21178","","937191492","0"<endrec>
"21178","0","937209715","1"<endrec>
"21178","0","937212746","0"<endrec>
"21179","","30161211","0"<endrec>
"21180","0","30161208","1"<endrec>
"21181","0","30161208","1"<endrec>
"21182","0","30161214","1"<endrec>
"21183","0","30161214","1"<endrec>
"21186","0","30161215","1"<endrec>
"21187","0","30161215","1"<endrec>
"21188","0","30161232","1"<endrec>
"21189","0","30161232","1"<endrec>
"21190","0","30161231","1"<endrec>
"21191","0","30161231","1"<endrec>
"21192","0","30161233","1"<endrec>
"21193","0","30161233","1"<endrec>
"21194","0","30161230","1"<endrec>
"21195","0","30161230","1"<endrec>
"21197","0","30118938","0"<endrec>
"21198","0","30118938","1"<endrec>
"21200","0","30161242","1"<endrec>
"21201","0","30161242","0"<endrec>
"21204","0","30161237","1"<endrec>
"21205","0","30161237","0"<endrec>
"21206","0","30161209","1"<endrec>
"21207","0","30161209","1"<endrec>
"21283","","937128912","1"<endrec>
"21284","","937128912","1"<endrec>
"21429","","937188465","0"<endrec>
"21429","0","937188467","0"<endrec>
"21429","0","937188469","0"<endrec>
"21429","","937188471","0"<endrec>
"21429","0","937207719","0"<endrec>
"21430","","937188465","0"<endrec>
"21430","0","937188467","0"<endrec>
"21430","0","937188469","0"<endrec>
"21430","","937188471","0"<endrec>
"21430","0","937207719","0"<endrec>
"21431","","937188466","0"<endrec>
"21431","0","937188468","0"<endrec>
"21431","0","937188470","0"<endrec>
"21431","","937188472","0"<endrec>
"21431","0","937207720","0"<endrec>
"21432","","937188466","0"<endrec>
"21432","0","937188468","0"<endrec>
"21432","0","937188470","0"<endrec>
"21432","","937188472","0"<endrec>
"21432","0","937207720","0"<endrec>
"21437","","937468517","0"<endrec>
"21438","","937468517","0"<endrec>
"21439","","937468516","0"<endrec>
"21440","","937468516","0"<endrec>
"21441","","937468518","0"<endrec>
"21442","","937468518","0"<endrec>
"21443","","937468515","0"<endrec>
"21444","","937468515","0"<endrec>
"21485","","30160211","0"<endrec>
"21485","0","30161228","0"<endrec>
"21485","0","30161247","0"<endrec>
"21485","0","937142895","0"<endrec>
"21485","0","937142897","0"<endrec>
"21485","0","937142899","0"<endrec>
"21485","0","937146018","0"<endrec>
"21485","0","937146019","0"<endrec>
"21485","0","937146020","0"<endrec>
"21485","0","937146021","0"<endrec>
"21485","0","937146023","0"<endrec>
"21485","0","937146025","0"<endrec>
"21607","","937142896","0"<endrec>
"21607","0","937142898","0"<endrec>
"21607","","937142900","0"<endrec>
"21608","","937142896","0"<endrec>
"21608","0","937142898","0"<endrec>
"21608","","937142900","0"<endrec>
"21617","","937185464","0"<endrec>
"21617","0","937187464","0"<endrec>
"21617","0","937189486","0"<endrec>
"21617","","937190462","0"<endrec>
"21617","0","937192462","0"<endrec>
"21617","0","937206716","0"<endrec>
"21617","0","937207716","0"<endrec>
"21617","0","937207718","0"<endrec>
"21617","0","937207722","0"<endrec>
"21617","0","937209719","0"<endrec>
"21618","","937185464","0"<endrec>
"21618","0","937187464","0"<endrec>
"21618","0","937189486","0"<endrec>
"21618","","937190462","0"<endrec>
"21618","0","937192462","0"<endrec>
"21618","0","937206716","0"<endrec>
"21618","0","937207716","0"<endrec>
"21618","0","937207718","0"<endrec>
"21618","0","937207722","0"<endrec>
"21618","0","937209719","0"<endrec>
"21628","","937146022","0"<endrec>
"21628","","937146024","0"<endrec>
"21628","","937146026","0"<endrec>
"21650","","937191479","0"<endrec>
"21651","","937191479","0"<endrec>
"21652","","937215715","0"<endrec>
"21652","0","937269780","0"<endrec>
"21652","0","937269782","0"<endrec>
"21652","0","937269784","0"<endrec>
"21653","","937215715","0"<endrec>
"21653","0","937269780","0"<endrec>
"21653","0","937269782","0"<endrec>
"21653","0","937269784","0"<endrec>
"21656","","937577747","0"<endrec>
"21656","0","937577756","0"<endrec>
"21657","","937577747","1"<endrec>
"21657","0","937577756","1"<endrec>
"21660","","937577746","0"<endrec>
"21660","0","937577755","0"<endrec>
"21661","","937577746","1"<endrec>
"21661","0","937577755","1"<endrec>
"21662","","937419136","0"<endrec>
"21662","","937577743","0"<endrec>
"21662","0","937577752","0"<endrec>
"21663","","937419136","1"<endrec>
"21663","","937577743","1"<endrec>
"21663","0","937577752","1"<endrec>
"21667","","937182474","0"<endrec>
"21668","","937182474","0"<endrec>
"21671","","937182464","0"<endrec>
"21671","0","937191470","0"<endrec>
"21671","0","937268783","0"<endrec>
"21671","0","937497867","0"<endrec>
"21671","0","937497878","0"<endrec>
"21671","0","937497889","0"<endrec>
"21671","0","937500867","0"<endrec>
"21671","0","937500878","0"<endrec>
"21671","0","937501874","0"<endrec>
"21672","","937182476","0"<endrec>
"21672","0","937468522","0"<endrec>
"21673","","937182476","0"<endrec>
"21673","0","937468522","0"<endrec>
"21719","","937165185","0"<endrec>
"21720","","937165185","0"<endrec>
"21728","","937165186","0"<endrec>
"21729","","937165186","0"<endrec>
"21730","","937165187","0"<endrec>
"21731","","937165187","0"<endrec>
"21748","","937147074","0"<endrec>
"21748","0","937157162","0"<endrec>
"21749","","937147074","0"<endrec>
"21749","0","937157162","0"<endrec>
"21798","","937158162","0"<endrec>
"21799","","937158162","0"<endrec>
"21828","","937182471","0"<endrec>
"21828","0","937191477","0"<endrec>
"21828","0","937268789","0"<endrec>
"21828","0","937497873","0"<endrec>
"21828","0","937497884","0"<endrec>
"21828","0","937497895","0"<endrec>
"21828","0","937500873","0"<endrec>
"21828","0","937500884","0"<endrec>
"21828","0","937501880","0"<endrec>
"21833","","937184482","0"<endrec>
"21833","","937191465","0"<endrec>
"21836","","937191481","0"<endrec>
"21837","","937191481","0"<endrec>
"21839","","937188474","1"<endrec>
"21839","","937191493","0"<endrec>
"21839","0","937212747","0"<endrec>
"21840","","937188476","1"<endrec>
"21840","","937191497","0"<endrec>
"21840","0","937209717","1"<endrec>
"21840","0","937212751","0"<endrec>
"21840","0","937326883","0"<endrec>
"21840","0","937366171","0"<endrec>
"21840","0","937496618","1"<endrec>
"21844","0","937189461","0"<endrec>
"21873","0","937167452","0"<endrec>
"21889","","937211718","0"<endrec>
"21889","0","937211720","0"<endrec>
"21889","","937211722","0"<endrec>
"21889","0","937249694","0"<endrec>
"21890","","937211718","0"<endrec>
"21890","0","937211720","0"<endrec>
"21890","","937211722","0"<endrec>
"21890","0","937249694","0"<endrec>
"21898","0","937189462","0"<endrec>
"21898","0","937504864","0"<endrec>
"21898","0","937504866","0"<endrec>
"21930","","937175332","0"<endrec>
"21930","0","937175334","0"<endrec>
"21931","","937175332","1"<endrec>
"21931","0","937175334","1"<endrec>
"21936","","937175331","0"<endrec>
"21936","0","937175333","0"<endrec>
"21936","","937184484","0"<endrec>
"21936","0","937186461","0"<endrec>
"21936","0","937503864","0"<endrec>
"21937","","937175331","1"<endrec>
"21937","0","937175333","1"<endrec>
"21937","","937184484","1"<endrec>
"21937","0","937186461","1"<endrec>
"21937","0","937503864","1"<endrec>
"21938","","937182470","0"<endrec>
"21938","0","937191476","0"<endrec>
"21938","0","937268788","0"<endrec>
"21940","","937182475","0"<endrec>
"21941","","937182475","0"<endrec>
"21967","","937184487","0"<endrec>
"21967","0","937185462","0"<endrec>
"21967","0","937187462","0"<endrec>
"21967","0","937188462","0"<endrec>
"21967","0","937188464","0"<endrec>
"21967","0","937188478","0"<endrec>
"21970","","937175329","0"<endrec>
"21970","0","937180449","0"<endrec>
"21970","0","937180450","1"<endrec>
"21980","","937185463","0"<endrec>
"21980","0","937187463","0"<endrec>
"21980","0","937189485","0"<endrec>
"21980","","937190461","0"<endrec>
"21980","0","937192461","0"<endrec>
"21980","0","937206715","0"<endrec>
"21980","0","937207715","0"<endrec>
"21980","0","937207717","0"<endrec>
"21980","0","937207721","0"<endrec>
"21980","0","937209718","0"<endrec>
"21981","","937185463","0"<endrec>
"21981","0","937187463","0"<endrec>
"21981","0","937189485","0"<endrec>
"21981","","937190461","0"<endrec>
"21981","0","937192461","0"<endrec>
"21981","0","937206715","0"<endrec>
"21981","0","937207715","0"<endrec>
"21981","0","937207717","0"<endrec>
"21981","0","937207721","0"<endrec>
"21981","0","937209718","0"<endrec>
"21983","","937211717","0"<endrec>
"21983","0","937211719","0"<endrec>
"21983","0","937211721","0"<endrec>
"21983","0","937249693","0"<endrec>
"21983","0","937306846","0"<endrec>
"21984","","937211717","0"<endrec>
"21984","0","937211719","0"<endrec>
"21984","0","937211721","0"<endrec>
"21984","0","937249693","0"<endrec>
"21984","0","937306846","0"<endrec>
"21989","","937182463","0"<endrec>
"21999","","937511868","0"<endrec>
"21999","0","937511877","0"<endrec>
"22000","","937511868","1"<endrec>
"22000","0","937511877","1"<endrec>
"22020","","937212753","0"<endrec>
"22020","0","937212754","0"<endrec>
"22020","0","937212755","0"<endrec>
"22020","","937212792","0"<endrec>
"22020","0","937212793","0"<endrec>
"22020","0","937217715","0"<endrec>
"22020","0","937218723","0"<endrec>
"22020","0","937219715","0"<endrec>
"22020","0","937246694","0"<endrec>
"22020","0","937246695","0"<endrec>
"22020","0","937246696","0"<endrec>
"22020","0","937247693","0"<endrec>
"22020","0","937247694","0"<endrec>
"22021","","937212753","0"<endrec>
"22021","0","937212754","0"<endrec>
"22021","0","937212755","0"<endrec>
"22021","","937212792","0"<endrec>
"22021","0","937212793","0"<endrec>
"22021","0","937217715","0"<endrec>
"22021","0","937218723","0"<endrec>
"22021","0","937219715","0"<endrec>
"22021","0","937246694","0"<endrec>
"22021","0","937246695","0"<endrec>
"22021","0","937246696","0"<endrec>
"22021","0","937247693","0"<endrec>
"22021","0","937247694","0"<endrec>
"22023","","937191482","0"<endrec>
"22023","","937236576","0"<endrec>
"22024","","937191482","0"<endrec>
"22024","","937236576","0"<endrec>
"22032","","937191483","0"<endrec>
"22033","","937191483","0"<endrec>
"22038","","937184486","0"<endrec>
"22038","0","937185461","0"<endrec>
"22038","0","937187461","0"<endrec>
"22038","0","937188461","0"<endrec>
"22038","0","937188463","0"<endrec>
"22038","0","937188477","0"<endrec>
"22039","","937191484","0"<endrec>
"22039","","937236575","0"<endrec>
"22040","","937191484","0"<endrec>
"22040","","937236575","0"<endrec>
"22042","","937191494","0"<endrec>
"22042","0","937212748","0"<endrec>
"22042","0","937326880","0"<endrec>
"22042","0","937366168","0"<endrec>
"22042","0","937472518","0"<endrec>
"22042","0","937496598","0"<endrec>
"22042","0","937496606","0"<endrec>
"22042","0","937578747","0"<endrec>
"22043","","937191498","0"<endrec>
"22043","0","937212752","0"<endrec>
"22044","","937182469","0"<endrec>
"22044","0","937191475","0"<endrec>
"22045","","937182468","0"<endrec>
"22045","0","937191474","0"<endrec>
"22046","","937182467","0"<endrec>
"22046","0","937191473","0"<endrec>
"22068","","937191469","0"<endrec>
"22068","0","937268782","0"<endrec>
"22068","0","937497866","0"<endrec>
"22068","0","937497877","0"<endrec>
"22068","0","937497888","0"<endrec>
"22068","0","937500866","0"<endrec>
"22068","0","937500877","0"<endrec>
"22068","0","937501873","0"<endrec>
"22069","","937184483","0"<endrec>
"22069","","937191466","0"<endrec>
"22069","0","937211716","0"<endrec>
"22069","0","937211729","0"<endrec>
"22069","0","937211731","0"<endrec>
"22069","0","937236570","0"<endrec>
"22069","","937236572","0"<endrec>
"22069","0","937236574","0"<endrec>
"22070","","937184483","0"<endrec>
"22070","","937191466","0"<endrec>
"22070","0","937211716","0"<endrec>
"22070","0","937211729","0"<endrec>
"22070","0","937211731","0"<endrec>
"22070","0","937236570","0"<endrec>
"22070","","937236572","0"<endrec>
"22070","0","937236574","0"<endrec>
"22093","","937468519","0"<endrec>
"22094","","937468519","0"<endrec>
"22095","","937184485","0"<endrec>
"22095","0","937186462","0"<endrec>
"22096","","937184485","1"<endrec>
"22096","0","937186462","1"<endrec>
"22097","","937191472","0"<endrec>
"22098","","937191471","0"<endrec>
"22099","","937191468","0"<endrec>
"22099","0","937268781","0"<endrec>
"22099","0","937497865","0"<endrec>
"22099","0","937497876","0"<endrec>
"22099","0","937497887","0"<endrec>
"22099","0","937500865","0"<endrec>
"22099","0","937500876","0"<endrec>
"22099","0","937501872","0"<endrec>
"22125","","937191480","0"<endrec>
"22126","","937191480","0"<endrec>
"22174","","937191496","0"<endrec>
"22174","0","937212750","0"<endrec>
"22174","0","937326882","0"<endrec>
"22174","0","937366170","0"<endrec>
"22184","0","937189480","0"<endrec>
"22184","0","937191486","0"<endrec>
"22184","0","937210716","0"<endrec>
"22184","0","937211724","0"<endrec>
"22185","0","937189480","0"<endrec>
"22185","0","937191486","0"<endrec>
"22185","0","937210716","0"<endrec>
"22185","0","937211724","0"<endrec>
"22191","","937191464","0"<endrec>
"22191","0","937209721","0"<endrec>
"22192","","937191461","0"<endrec>
"22193","","937191461","1"<endrec>
"22194","","937191463","0"<endrec>
"22194","0","937209720","0"<endrec>
"22195","","937191462","0"<endrec>
"22196","","937191462","1"<endrec>
"22274","","937208721","0"<endrec>
"22278","","937211715","1"<endrec>
"22278","0","937211728","1"<endrec>
"22278","0","937211730","1"<endrec>
"22336","","937211732","0"<endrec>
"22337","","937211732","0"<endrec>
"22340","","937212741","0"<endrec>
"22340","0","937212743","0"<endrec>
"22362","","937236569","0"<endrec>
"22362","","937236571","0"<endrec>
"22362","0","937236573","0"<endrec>
"22363","","937212742","0"<endrec>
"22363","0","937212744","0"<endrec>
"22363","0","937213718","0"<endrec>
"22363","0","937213720","0"<endrec>
"22363","0","937213722","0"<endrec>
"22363","0","937213726","0"<endrec>
"22363","0","937213728","0"<endrec>
"22375","","937212718","0"<endrec>
"22375","0","937212725","0"<endrec>
"22376","","937212718","0"<endrec>
"22376","0","937212725","0"<endrec>
"22385","","937212730","0"<endrec>
"22385","0","937212737","0"<endrec>
"22386","","937212730","0"<endrec>
"22386","0","937212737","0"<endrec>
"22399","","937212758","0"<endrec>
"22399","0","937212764","0"<endrec>
"22399","0","937212769","0"<endrec>
"22399","0","937212775","0"<endrec>
"22399","0","937212781","0"<endrec>
"22399","0","937212787","0"<endrec>
"22399","0","937212795","0"<endrec>
"22399","0","937212827","0"<endrec>
"22399","0","937212833","0"<endrec>
"22399","0","937212840","0"<endrec>
"22399","0","937212847","0"<endrec>
"22399","0","937212853","0"<endrec>
"22399","0","937212859","0"<endrec>
"22399","0","937213730","0"<endrec>
"22399","0","937214716","0"<endrec>
"22399","0","937214722","0"<endrec>
"22399","0","937216716","0"<endrec>
"22399","0","937218716","0"<endrec>
"22399","0","937218725","0"<endrec>
"22400","","937212758","0"<endrec>
"22400","0","937212764","0"<endrec>
"22400","0","937212769","0"<endrec>
"22400","0","937212775","0"<endrec>
"22400","0","937212781","0"<endrec>
"22400","0","937212787","0"<endrec>
"22400","0","937212795","0"<endrec>
"22400","0","937212827","0"<endrec>
"22400","0","937212833","0"<endrec>
"22400","0","937212840","0"<endrec>
"22400","0","937212847","0"<endrec>
"22400","0","937212853","0"<endrec>
"22400","0","937212859","0"<endrec>
"22400","0","937213730","0"<endrec>
"22400","0","937214716","0"<endrec>
"22400","0","937214722","0"<endrec>
"22400","0","937216716","0"<endrec>
"22400","0","937218716","0"<endrec>
"22400","0","937218725","0"<endrec>
"22428","","937213717","0"<endrec>
"22428","0","937213719","0"<endrec>
"22428","0","937213721","0"<endrec>
"22428","0","937213725","0"<endrec>
"22428","0","937213727","0"<endrec>
"22428","0","937213735","0"<endrec>
"22428","0","937213737","0"<endrec>
"22428","0","937213739","0"<endrec>
"22428","0","937213741","0"<endrec>
"22454","","937213736","0"<endrec>
"22454","0","937213738","0"<endrec>
"22454","0","937213740","0"<endrec>
"22454","0","937213742","0"<endrec>
"22481","","937379453","0"<endrec>
"22481","0","937379461","0"<endrec>
"22481","0","937473515","0"<endrec>
"22617","","937245694","0"<endrec>
"22617","","937245700","0"<endrec>
"22617","0","937316859","0"<endrec>
"22617","0","937316865","0"<endrec>
"22618","","937245694","0"<endrec>
"22618","","937245700","0"<endrec>
"22618","0","937316859","0"<endrec>
"22618","0","937316865","0"<endrec>
"22628","","937246693","0"<endrec>
"22629","","937246693","0"<endrec>
"22679","","937419137","0"<endrec>
"22679","","937577749","0"<endrec>
"22679","0","937577758","0"<endrec>
"22680","","937419137","1"<endrec>
"22680","","937577749","1"<endrec>
"22680","0","937577758","1"<endrec>
"22687","","937268791","1"<endrec>
"22701","","937577748","0"<endrec>
"22701","0","937577757","0"<endrec>
"22702","","937577748","1"<endrec>
"22702","0","937577757","1"<endrec>
"22739","","937268784","0"<endrec>
"22739","0","937497868","0"<endrec>
"22739","0","937497879","0"<endrec>
"22739","0","937497890","0"<endrec>
"22739","0","937500868","0"<endrec>
"22739","0","937500879","0"<endrec>
"22739","0","937501875","0"<endrec>
"22788","","937268780","0"<endrec>
"22788","0","937497864","0"<endrec>
"22788","0","937497875","0"<endrec>
"22788","0","937497886","0"<endrec>
"22788","0","937500864","0"<endrec>
"22788","0","937500875","0"<endrec>
"22788","0","937501871","0"<endrec>
"22834","","937326881","0"<endrec>
"22834","0","937366169","0"<endrec>
"22839","","937419135","0"<endrec>
"22840","","937419135","1"<endrec>
"22848","","937248694","0"<endrec>
"22849","","937248694","1"<endrec>
"22852","","937248693","0"<endrec>
"22852","0","937477553","0"<endrec>
"22852","0","937498876","0"<endrec>
"22852","0","937510864","0"<endrec>
"22853","","937248693","0"<endrec>
"22853","0","937477553","0"<endrec>
"22853","0","937498876","0"<endrec>
"22853","0","937510864","0"<endrec>
"22862","","937248695","0"<endrec>
"22863","","937248695","1"<endrec>
"22981","","937263780","1"<endrec>
"22983","","937263781","1"<endrec>
"23033","","937317858","0"<endrec>
"23034","","937317858","0"<endrec>
"23035","","937317858","0"<endrec>
"23120","","937577744","0"<endrec>
"23120","0","937577753","0"<endrec>
"23121","","937577744","1"<endrec>
"23121","0","937577753","1"<endrec>
"23123","","937268785","0"<endrec>
"23123","0","937497869","0"<endrec>
"23123","0","937497880","0"<endrec>
"23123","0","937497891","0"<endrec>
"23123","0","937500869","0"<endrec>
"23123","0","937500880","0"<endrec>
"23123","0","937501876","0"<endrec>
"23141","","937268786","0"<endrec>
"23141","0","937497870","0"<endrec>
"23141","0","937497881","0"<endrec>
"23141","0","937497892","0"<endrec>
"23141","0","937500870","0"<endrec>
"23141","0","937500881","0"<endrec>
"23141","0","937501877","0"<endrec>
"23144","","937268787","0"<endrec>
"23144","0","937497871","0"<endrec>
"23144","0","937497882","0"<endrec>
"23144","0","937497893","0"<endrec>
"23144","0","937500871","0"<endrec>
"23144","0","937500882","0"<endrec>
"23144","0","937501878","0"<endrec>
"23169","","937317859","0"<endrec>
"23170","","937317859","0"<endrec>
"23171","","937317859","0"<endrec>
"23184","","937266780","0"<endrec>
"23185","","937266780","0"<endrec>
"23187","","937266781","0"<endrec>
"23188","","937266781","0"<endrec>
"23232","","937318858","0"<endrec>
"23232","0","937318860","0"<endrec>
"23232","0","937318862","0"<endrec>
"23233","","937318858","0"<endrec>
"23233","0","937318860","0"<endrec>
"23233","0","937318862","0"<endrec>
"23238","","937326884","0"<endrec>
"23258","","937269781","0"<endrec>
"23259","","937269781","0"<endrec>
"23272","","937269783","0"<endrec>
"23272","0","937269785","0"<endrec>
"23273","","937269783","0"<endrec>
"23273","0","937269785","0"<endrec>
"23299","","937318859","0"<endrec>
"23299","0","937318861","0"<endrec>
"23299","0","937318863","0"<endrec>
"23319","","937306847","0"<endrec>
"23319","0","937354064","0"<endrec>
"23320","","937306847","0"<endrec>
"23320","0","937354064","0"<endrec>
"23400","","937349928","0"<endrec>
"23400","0","937353064","0"<endrec>
"23412","","937463583","0"<endrec>
"23412","","937466519","0"<endrec>
"23412","0","937466521","0"<endrec>
"23413","","937463583","0"<endrec>
"23413","","937466519","0"<endrec>
"23413","0","937466521","0"<endrec>
"23418","","937393679","0"<endrec>
"23418","0","937395939","0"<endrec>
"23419","","937393679","0"<endrec>
"23419","0","937395939","0"<endrec>
"23449","","937349927","0"<endrec>
"23449","0","937353063","0"<endrec>
"23450","","937349927","0"<endrec>
"23450","0","937353063","0"<endrec>
"23500","","937399936","0"<endrec>
"23501","","937399936","0"<endrec>
"23519","","937577745","0"<endrec>
"23519","0","937577754","0"<endrec>
"23520","","937577745","1"<endrec>
"23520","0","937577754","1"<endrec>
"23591","","937354063","0"<endrec>
"23592","","937354063","0"<endrec>
"23599","","937326878","0"<endrec>
"23599","0","937366166","0"<endrec>
"23600","","937326879","0"<endrec>
"23600","0","937366167","0"<endrec>
"23601","","937326879","0"<endrec>
"23601","0","937366167","0"<endrec>
"23619","","937360998","0"<endrec>
"23619","0","937361004","0"<endrec>
"23619","0","937405992","0"<endrec>
"23619","0","937424179","0"<endrec>
"23620","","937360998","0"<endrec>
"23620","0","937361004","0"<endrec>
"23620","0","937405992","0"<endrec>
"23620","0","937424179","0"<endrec>
"23633","","937349930","0"<endrec>
"23634","","937349931","0"<endrec>
"23707","","937468521","0"<endrec>
"23708","","937468521","0"<endrec>
"23747","","937379469","0"<endrec>
"23747","0","937379470","0"<endrec>
"23749","","937366172","0"<endrec>
"23754","","937426179","0"<endrec>
"23754","0","937426180","0"<endrec>
"23754","0","937427178","0"<endrec>
"23824","","937367165","0"<endrec>
"23824","","937367166","0"<endrec>
"23824","","937367167","0"<endrec>
"23825","","937367165","0"<endrec>
"23825","","937367166","0"<endrec>
"23825","","937367167","0"<endrec>
"23826","","937367165","0"<endrec>
"23826","","937367166","0"<endrec>
"23826","","937367167","0"<endrec>
"23827","","937367165","0"<endrec>
"23827","","937367166","0"<endrec>
"23827","","937367167","0"<endrec>
"23828","","937367165","0"<endrec>
"23828","","937367166","0"<endrec>
"23828","","937367167","0"<endrec>
"23883","","937399934","0"<endrec>
"23915","","937511865","0"<endrec>
"23915","0","937511878","0"<endrec>
"23916","","937511865","1"<endrec>
"23916","0","937511878","1"<endrec>
"23956","","937399935","0"<endrec>
"23990","","937409014","0"<endrec>
"23990","0","937409017","0"<endrec>
"23990","0","937425179","0"<endrec>
"23990","0","937425182","0"<endrec>
"23990","0","937429191","0"<endrec>
"23991","","937409014","0"<endrec>
"23991","0","937409017","0"<endrec>
"23991","0","937425179","0"<endrec>
"23991","0","937425182","0"<endrec>
"23991","0","937429191","0"<endrec>
"24040","","937379473","0"<endrec>
"24040","0","937379475","0"<endrec>
"24041","","937379473","0"<endrec>
"24041","0","937379475","0"<endrec>
"24055","","937379471","0"<endrec>
"24065","","937379472","0"<endrec>
"24065","0","937379474","0"<endrec>
"24066","","937379472","0"<endrec>
"24066","0","937379474","0"<endrec>
"24104","","937396939","0"<endrec>
"24105","","937379455","0"<endrec>
"24105","0","937379463","0"<endrec>
"24141","","937393680","0"<endrec>
"24141","0","937395940","0"<endrec>
"24142","","937393680","0"<endrec>
"24142","0","937395940","0"<endrec>
"24143","","937399937","0"<endrec>
"24144","","937399937","0"<endrec>
"24200","","937468520","0"<endrec>
"24201","","937468520","0"<endrec>
"24202","","937395941","0"<endrec>
"24203","","937395941","0"<endrec>
"24226","","937399933","0"<endrec>
"24226","0","937456381","0"<endrec>
"24226","0","937466523","0"<endrec>
"24226","0","937466525","0"<endrec>
"24226","0","937466527","0"<endrec>
"24226","0","937467516","0"<endrec>
"24274","","937409013","0"<endrec>
"24274","0","937409016","1"<endrec>
"24274","0","937425178","1"<endrec>
"24274","0","937425181","1"<endrec>
"24274","0","937429190","1"<endrec>
"24275","","937409013","1"<endrec>
"24275","0","937409016","1"<endrec>
"24275","0","937425178","1"<endrec>
"24275","0","937425181","1"<endrec>
"24275","0","937429190","1"<endrec>
"24342","","937408013","0"<endrec>
"24342","0","937496589","0"<endrec>
"24342","0","937496593","0"<endrec>
"24343","","937408013","0"<endrec>
"24343","0","937496589","0"<endrec>
"24343","0","937496593","0"<endrec>
"24373","","937409015","0"<endrec>
"24373","0","937409018","0"<endrec>
"24374","","937409015","0"<endrec>
"24374","0","937409018","0"<endrec>
"24408","","937511866","0"<endrec>
"24408","0","937511879","0"<endrec>
"24409","","937511866","1"<endrec>
"24409","0","937511879","1"<endrec>
"24411","","937408014","0"<endrec>
"24411","0","937496590","0"<endrec>
"24411","0","937496594","0"<endrec>
"24412","","937408014","0"<endrec>
"24412","0","937496590","0"<endrec>
"24412","0","937496594","0"<endrec>
"24413","","937420135","0"<endrec>
"24414","","937420135","0"<endrec>
"24424","","937468523","0"<endrec>
"24425","","937468523","0"<endrec>
"24426","","937468524","0"<endrec>
"24427","","937468524","0"<endrec>
"24434","","937504869","0"<endrec>
"24457","","937420136","0"<endrec>
"24458","","937420136","0"<endrec>
"24479","","937425180","0"<endrec>
"24479","0","937425183","0"<endrec>
"24479","0","937429192","0"<endrec>
"24480","","937425180","0"<endrec>
"24480","0","937425183","0"<endrec>
"24480","0","937429192","0"<endrec>
"24505","","937434203","0"<endrec>
"24506","","937434203","0"<endrec>
"24507","","937434203","0"<endrec>
"24508","","937434203","0"<endrec>
"24509","","937434203","0"<endrec>
"24519","","937426178","0"<endrec>
"24534","","937444228","1"<endrec>
"24540","0","937428187","0"<endrec>
"24540","0","937428199","0"<endrec>
"24540","0","937429187","0"<endrec>
"24742","","937472516","0"<endrec>
"24742","0","937496596","0"<endrec>
"24742","0","937496604","0"<endrec>
"24742","0","937578745","0"<endrec>
"24743","","937472516","0"<endrec>
"24743","0","937496596","0"<endrec>
"24743","0","937496604","0"<endrec>
"24743","0","937578745","0"<endrec>
"24763","","937444230","0"<endrec>
"24763","0","937578742","0"<endrec>
"24763","0","937578743","0"<endrec>
"24830","","937458412","0"<endrec>
"24830","0","937458414","0"<endrec>
"24830","0","937459382","0"<endrec>
"24830","0","937459384","0"<endrec>
"24830","0","937459386","0"<endrec>
"24830","0","937459388","0"<endrec>
"24830","0","937459390","0"<endrec>
"24830","0","937459392","0"<endrec>
"24831","","937458412","0"<endrec>
"24831","0","937458414","0"<endrec>
"24831","0","937459382","0"<endrec>
"24831","0","937459384","0"<endrec>
"24831","0","937459386","0"<endrec>
"24831","0","937459388","0"<endrec>
"24831","0","937459390","0"<endrec>
"24831","0","937459392","0"<endrec>
"24832","","937458412","0"<endrec>
"24832","0","937458414","0"<endrec>
"24832","0","937459382","0"<endrec>
"24832","0","937459384","0"<endrec>
"24832","0","937459386","0"<endrec>
"24832","0","937459388","0"<endrec>
"24832","0","937459390","0"<endrec>
"24832","0","937459392","0"<endrec>
"24851","","937507868","0"<endrec>
"24851","0","937507869","0"<endrec>
"24851","0","937508864","0"<endrec>
"24872","","937458411","0"<endrec>
"24872","0","937458413","0"<endrec>
"24873","","937458411","0"<endrec>
"24873","0","937458413","0"<endrec>
"24874","","937458411","0"<endrec>
"24874","0","937458413","0"<endrec>
"24884","","937457382","0"<endrec>
"24884","0","937458382","0"<endrec>
"24884","0","937458388","0"<endrec>
"24884","0","937458394","0"<endrec>
"24884","0","937458400","0"<endrec>
"24885","","937457382","0"<endrec>
"24885","0","937458382","0"<endrec>
"24885","0","937458388","0"<endrec>
"24885","0","937458394","0"<endrec>
"24885","0","937458400","0"<endrec>
"24893","","937473517","0"<endrec>
"24900","","937458406","0"<endrec>
"24901","","937458406","0"<endrec>
"24902","","937470516","0"<endrec>
"24902","0","937470522","0"<endrec>
"24902","0","937470528","0"<endrec>
"24902","0","937477547","0"<endrec>
"24902","0","937477556","0"<endrec>
"24902","0","937497898","0"<endrec>
"24902","0","937497904","0"<endrec>
"24902","0","937498867","0"<endrec>
"24902","0","937509869","0"<endrec>
"24902","0","937509875","0"<endrec>
"24902","0","937576743","0"<endrec>
"24902","0","937576749","0"<endrec>
"24902","0","937638905","0"<endrec>
"24902","0","937638911","0"<endrec>
"24902","0","937638917","0"<endrec>
"24902","0","937656913","0"<endrec>
"24902","0","937656919","0"<endrec>
"24903","","937470516","0"<endrec>
"24903","0","937470522","0"<endrec>
"24903","0","937470528","0"<endrec>
"24903","0","937477547","0"<endrec>
"24903","0","937477556","0"<endrec>
"24903","0","937497898","0"<endrec>
"24903","0","937497904","0"<endrec>
"24903","0","937498867","0"<endrec>
"24903","0","937509869","0"<endrec>
"24903","0","937509875","0"<endrec>
"24903","0","937576743","0"<endrec>
"24903","0","937576749","0"<endrec>
"24903","0","937638905","0"<endrec>
"24903","0","937638911","0"<endrec>
"24903","0","937638917","0"<endrec>
"24903","0","937656913","0"<endrec>
"24903","0","937656919","0"<endrec>
"24913","","937466515","0"<endrec>
"24913","0","937496619","0"<endrec>
"24914","","937466515","0"<endrec>
"24914","0","937496619","0"<endrec>
"24915","","937466515","0"<endrec>
"24915","0","937496619","0"<endrec>
"24921","","937466516","0"<endrec>
"24921","0","937496620","0"<endrec>
"24922","","937466516","0"<endrec>
"24922","0","937496620","0"<endrec>
"24937","","937459381","0"<endrec>
"24938","","937459381","0"<endrec>
"24939","","937459381","0"<endrec>
"24978","","937466517","0"<endrec>
"24978","0","937496621","0"<endrec>
"24979","","937466517","0"<endrec>
"24979","0","937496621","0"<endrec>
"24980","","937472522","0"<endrec>
"24980","0","937496602","0"<endrec>
"24980","0","937496610","0"<endrec>
"24980","0","937578751","0"<endrec>
"24981","","937459383","0"<endrec>
"24982","","937459383","0"<endrec>
"24983","","937459383","0"<endrec>
"25007","","937459385","0"<endrec>
"25007","0","937459387","0"<endrec>
"25007","0","937459389","0"<endrec>
"25007","0","937459391","0"<endrec>
"25008","","937459385","0"<endrec>
"25008","0","937459387","0"<endrec>
"25008","0","937459389","0"<endrec>
"25008","0","937459391","0"<endrec>
"25009","","937459385","0"<endrec>
"25009","0","937459387","0"<endrec>
"25009","0","937459389","0"<endrec>
"25009","0","937459391","0"<endrec>
"25035","","937459393","0"<endrec>
"25035","0","937477554","0"<endrec>
"25036","","937459393","0"<endrec>
"25036","0","937477554","0"<endrec>
"25050","","937467515","0"<endrec>
"25051","","937467515","0"<endrec>
"25052","","937467515","0"<endrec>
"25053","","937467515","0"<endrec>
"25054","","937467515","0"<endrec>
"25073","","937466524","0"<endrec>
"25073","0","937466526","0"<endrec>
"25073","0","937466528","1"<endrec>
"25073","0","937467518","1"<endrec>
"25074","","937463584","0"<endrec>
"25074","","937466520","0"<endrec>
"25074","0","937466522","0"<endrec>
"25075","","937463584","0"<endrec>
"25075","","937466520","0"<endrec>
"25075","0","937466522","0"<endrec>
"25117","","937469517","0"<endrec>
"25117","0","937470534","0"<endrec>
"25117","","937470536","0"<endrec>
"25117","0","937470538","0"<endrec>
"25117","0","937478547","0"<endrec>
"25117","0","937478549","0"<endrec>
"25117","0","937478551","0"<endrec>
"25117","0","937478553","0"<endrec>
"25117","0","937478555","0"<endrec>
"25117","0","937478557","0"<endrec>
"25117","0","937478559","0"<endrec>
"25117","0","937478561","0"<endrec>
"25117","0","937478563","0"<endrec>
"25117","0","937478565","0"<endrec>
"25117","0","937479547","0"<endrec>
"25117","0","937479549","0"<endrec>
"25117","0","937496592","0"<endrec>
"25117","0","937496612","0"<endrec>
"25117","0","937496614","0"<endrec>
"25117","0","937496616","0"<endrec>
"25117","0","937498873","0"<endrec>
"25117","0","937498875","0"<endrec>
"25117","0","937501864","0"<endrec>
"25117","0","937501866","0"<endrec>
"25117","0","937501869","0"<endrec>
"25117","0","937506866","0"<endrec>
"25117","0","937507865","0"<endrec>
"25117","0","937507867","0"<endrec>
"25117","0","937513865","0"<endrec>
"25117","0","937513867","0"<endrec>
"25117","0","937572743","0"<endrec>
"25117","0","937572745","0"<endrec>
"25117","0","937574743","0"<endrec>
"25117","0","937574745","0"<endrec>
"25117","0","937656925","0"<endrec>
"25118","","937469517","0"<endrec>
"25118","0","937470534","0"<endrec>
"25118","","937470536","0"<endrec>
"25118","0","937470538","0"<endrec>
"25118","0","937478547","0"<endrec>
"25118","0","937478549","0"<endrec>
"25118","0","937478551","0"<endrec>
"25118","0","937478553","0"<endrec>
"25118","0","937478555","0"<endrec>
"25118","0","937478557","0"<endrec>
"25118","0","937478559","0"<endrec>
"25118","0","937478561","0"<endrec>
"25118","0","937478563","0"<endrec>
"25118","0","937478565","0"<endrec>
"25118","0","937479547","0"<endrec>
"25118","0","937479549","0"<endrec>
"25118","0","937496592","0"<endrec>
"25118","0","937496612","0"<endrec>
"25118","0","937496614","0"<endrec>
"25118","0","937496616","0"<endrec>
"25118","0","937498873","0"<endrec>
"25118","0","937498875","0"<endrec>
"25118","0","937501864","0"<endrec>
"25118","0","937501866","0"<endrec>
"25118","0","937501869","0"<endrec>
"25118","0","937506866","0"<endrec>
"25118","0","937507865","0"<endrec>
"25118","0","937507867","0"<endrec>
"25118","0","937513865","0"<endrec>
"25118","0","937513867","0"<endrec>
"25118","0","937572743","0"<endrec>
"25118","0","937572745","0"<endrec>
"25118","0","937574743","0"<endrec>
"25118","0","937574745","0"<endrec>
"25118","0","937656925","0"<endrec>
"25119","","937469517","0"<endrec>
"25119","0","937470534","0"<endrec>
"25119","","937470536","0"<endrec>
"25119","0","937470538","0"<endrec>
"25119","0","937478547","0"<endrec>
"25119","0","937478549","0"<endrec>
"25119","0","937478551","0"<endrec>
"25119","0","937478553","0"<endrec>
"25119","0","937478555","0"<endrec>
"25119","0","937478557","0"<endrec>
"25119","0","937478559","0"<endrec>
"25119","0","937478561","0"<endrec>
"25119","0","937478563","0"<endrec>
"25119","0","937478565","0"<endrec>
"25119","0","937479547","0"<endrec>
"25119","0","937479549","0"<endrec>
"25119","0","937496592","0"<endrec>
"25119","0","937496612","0"<endrec>
"25119","0","937496614","0"<endrec>
"25119","0","937496616","0"<endrec>
"25119","0","937498873","0"<endrec>
"25119","0","937498875","0"<endrec>
"25119","0","937501864","0"<endrec>
"25119","0","937501866","0"<endrec>
"25119","0","937501869","0"<endrec>
"25153","","937467517","0"<endrec>
"25169","","937469515","0"<endrec>
"25170","","937469515","0"<endrec>
"25171","","937469515","0"<endrec>
"25172","","937469515","0"<endrec>
"25173","","937469515","0"<endrec>
"25199","","937469516","0"<endrec>
"25200","","937469516","0"<endrec>
"25201","","937469516","0"<endrec>
"25242","","937503864","0"<endrec>
"25245","","937470533","0"<endrec>
"25245","","937470535","0"<endrec>
"25245","0","937470537","0"<endrec>
"25245","0","937478546","0"<endrec>
"25245","0","937478548","0"<endrec>
"25245","0","937478550","0"<endrec>
"25245","0","937478552","0"<endrec>
"25245","0","937478554","0"<endrec>
"25245","0","937478556","0"<endrec>
"25245","0","937478558","0"<endrec>
"25245","0","937478560","0"<endrec>
"25245","0","937478562","0"<endrec>
"25245","0","937478564","0"<endrec>
"25245","0","937479546","0"<endrec>
"25245","0","937479548","0"<endrec>
"25245","0","937496591","0"<endrec>
"25245","0","937496611","0"<endrec>
"25245","0","937496613","0"<endrec>
"25245","0","937496615","0"<endrec>
"25245","0","937496623","0"<endrec>
"25245","0","937498872","0"<endrec>
"25245","0","937498874","0"<endrec>
"25245","0","937501865","0"<endrec>
"25246","","937470533","0"<endrec>
"25246","","937470535","0"<endrec>
"25246","0","937470537","0"<endrec>
"25246","0","937478546","0"<endrec>
"25246","0","937478548","0"<endrec>
"25246","0","937478550","0"<endrec>
"25246","0","937478552","0"<endrec>
"25246","0","937478554","0"<endrec>
"25246","0","937478556","0"<endrec>
"25246","0","937478558","0"<endrec>
"25246","0","937478560","0"<endrec>
"25246","0","937478562","0"<endrec>
"25246","0","937478564","0"<endrec>
"25246","0","937479546","0"<endrec>
"25246","0","937479548","0"<endrec>
"25246","0","937496591","0"<endrec>
"25246","0","937496611","0"<endrec>
"25246","0","937496613","0"<endrec>
"25246","0","937496615","0"<endrec>
"25246","0","937496623","0"<endrec>
"25246","0","937498872","0"<endrec>
"25246","0","937498874","0"<endrec>
"25246","0","937501865","0"<endrec>
"25247","","937470533","0"<endrec>
"25247","","937470535","0"<endrec>
"25247","0","937470537","0"<endrec>
"25247","0","937478546","0"<endrec>
"25247","0","937478548","0"<endrec>
"25247","0","937478550","0"<endrec>
"25247","0","937478552","0"<endrec>
"25247","0","937478554","0"<endrec>
"25247","0","937478556","0"<endrec>
"25247","0","937478558","0"<endrec>
"25247","0","937478560","0"<endrec>
"25247","0","937478562","0"<endrec>
"25247","0","937478564","0"<endrec>
"25247","0","937479546","0"<endrec>
"25247","0","937479548","0"<endrec>
"25247","0","937496591","0"<endrec>
"25247","0","937496611","0"<endrec>
"25247","0","937496613","0"<endrec>
"25247","0","937496615","0"<endrec>
"25247","0","937496623","0"<endrec>
"25247","0","937498872","0"<endrec>
"25247","0","937498874","0"<endrec>
"25247","0","937501865","0"<endrec>
"25279","","937472521","0"<endrec>
"25279","0","937496601","0"<endrec>
"25279","0","937496609","0"<endrec>
"25279","0","937578750","0"<endrec>
"25280","","937472519","0"<endrec>
"25280","0","937496599","0"<endrec>
"25280","0","937496607","0"<endrec>
"25280","0","937578748","0"<endrec>
"25305","","937472520","0"<endrec>
"25305","0","937496600","0"<endrec>
"25305","0","937496608","0"<endrec>
"25305","0","937578749","0"<endrec>
"25315","","937472517","0"<endrec>
"25315","0","937496597","0"<endrec>
"25315","0","937496605","0"<endrec>
"25315","0","937578746","0"<endrec>
"25316","","937472517","0"<endrec>
"25316","0","937496597","0"<endrec>
"25316","0","937496605","0"<endrec>
"25316","0","937578746","0"<endrec>
"25326","","937505864","0"<endrec>
"25326","0","937505867","0"<endrec>
"25326","","937511872","0"<endrec>
"25326","0","937512865","0"<endrec>
"25327","","937505864","1"<endrec>
"25327","0","937505867","1"<endrec>
"25327","","937511872","1"<endrec>
"25327","0","937512865","1"<endrec>
"25526","","937574751","0"<endrec>
"25737","","937511870","0"<endrec>
"25873","","937501867","0"<endrec>
"25874","","937501867","0"<endrec>
"25875","","937501867","0"<endrec>
"25876","","937577742","0"<endrec>
"25876","0","937577751","0"<endrec>
"25877","","937577742","1"<endrec>
"25877","0","937577751","1"<endrec>
"25878","","937502864","0"<endrec>
"25879","","937502864","0"<endrec>
"25880","","937502864","0"<endrec>
"25886","","937511873","0"<endrec>
"25886","0","937511883","0"<endrec>
"25887","","937511873","1"<endrec>
"25887","0","937511883","1"<endrec>
"25941","","937506864","0"<endrec>
"25941","","937506865","0"<endrec>
"25941","0","937507864","0"<endrec>
"25941","0","937507866","0"<endrec>
"25941","0","937513864","0"<endrec>
"25941","0","937513866","0"<endrec>
"25941","0","937572742","0"<endrec>
"25941","0","937572744","0"<endrec>
"25941","0","937574742","0"<endrec>
"25941","0","937574744","0"<endrec>
"25941","0","937656924","0"<endrec>
"25942","","937506864","0"<endrec>
"25942","","937506865","0"<endrec>
"25942","0","937507864","0"<endrec>
"25942","0","937507866","0"<endrec>
"25942","0","937513864","0"<endrec>
"25942","0","937513866","0"<endrec>
"25942","0","937572742","0"<endrec>
"25942","0","937572744","0"<endrec>
"25942","0","937574742","0"<endrec>
"25942","0","937574744","0"<endrec>
"25942","0","937656924","0"<endrec>
"25943","","937506864","0"<endrec>
"25943","","937506865","0"<endrec>
"25943","0","937507864","0"<endrec>
"25943","0","937507866","0"<endrec>
"25943","0","937513864","0"<endrec>
"25943","0","937513866","0"<endrec>
"25943","0","937572742","0"<endrec>
"25943","0","937572744","0"<endrec>
"25943","0","937574742","0"<endrec>
"25943","0","937574744","0"<endrec>
"25943","0","937656924","0"<endrec>
"25944","","937511871","0"<endrec>
"25945","","937511871","1"<endrec>
"25958","","937505865","0"<endrec>
"25958","","937505866","0"<endrec>
"25959","","937505865","0"<endrec>
"25959","","937505866","0"<endrec>
"26003","","937507865","0"<endrec>
"26003","0","937507867","0"<endrec>
"26003","0","937513865","0"<endrec>
"26003","0","937513867","0"<endrec>
"26003","0","937572743","0"<endrec>
"26003","0","937572745","0"<endrec>
"26003","0","937574743","0"<endrec>
"26003","0","937574745","0"<endrec>
"26003","0","937656925","0"<endrec>
"26304","","937512864","0"<endrec>
"26305","","937512864","0"<endrec>
"26317","","937511864","0"<endrec>
"26317","0","937511881","0"<endrec>
"26318","","937511864","1"<endrec>
"26318","0","937511881","1"<endrec>
"26541","","937573742","0"<endrec>
"26541","0","937574746","0"<endrec>
"26619","","937574747","0"<endrec>
"26772","","937577750","0"<endrec>
"26772","0","937577759","0"<endrec>
"26773","","937577750","1"<endrec>
"26773","0","937577759","1"<endrec>
