BUNDLE_ID,IS_DEFAULT,TRUST_LEVEL_ID                                                                                                                                                                                                                                                                                                                                                                                                                                                                                                                                                                                                                                                                                                                                                                                                                                                                                                                                                                                                     <endrec>
"1","0","810021"<endrec>
"1","1","810021"<endrec>
"10001","0","810011"<endrec>
"10001","0","810021"<endrec>
"10001","1","810021"<endrec>
"10003","0","810011"<endrec>
"10003","0","810021"<endrec>
"10003","1","810021"<endrec>
"1002","0","810021"<endrec>
"1002","1","810021"<endrec>
"1003","0","810021"<endrec>
"1003","1","810021"<endrec>
"1004","0","810021"<endrec>
"1004","1","810021"<endrec>
"1005","0","810021"<endrec>
"1005","0","810031"<endrec>
"1005","1","810021"<endrec>
"1005","1","810031"<endrec>
"1006","0","810021"<endrec>
"1006","1","810021"<endrec>
"1007","0","810021"<endrec>
"1007","1","810021"<endrec>
"1008","0","810021"<endrec>
"1008","1","810021"<endrec>
"1009","0","810011"<endrec>
"1009","0","810021"<endrec>
"1009","1","810021"<endrec>
"1010","0","810021"<endrec>
"1010","1","810021"<endrec>
"1011","0","810021"<endrec>
"1011","1","810021"<endrec>
"1012","0","810011"<endrec>
"1012","0","810021"<endrec>
"1012","1","810011"<endrec>
"1012","1","810021"<endrec>
"1013","0","810011"<endrec>
"1013","0","810021"<endrec>
"1013","1","810011"<endrec>
"1013","1","810021"<endrec>
"1014","0","810011"<endrec>
"1014","0","810021"<endrec>
"1014","0","810031"<endrec>
"1014","1","810011"<endrec>
"1014","1","810021"<endrec>
"1014","1","810031"<endrec>
"1015","0","810021"<endrec>
"1015","1","810021"<endrec>
"1016","0","810041"<endrec>
"1016","0","810051"<endrec>
"1016","0","810062"<endrec>
"1016","0","810072"<endrec>
"1016","1","810051"<endrec>
"1016","1","810072"<endrec>
"1017","0","810041"<endrec>
"1017","0","810051"<endrec>
"1017","0","810062"<endrec>
"1017","0","810072"<endrec>
"1017","1","810051"<endrec>
"1017","1","810072"<endrec>
"1018","0","810041"<endrec>
"1018","0","810051"<endrec>
"1018","0","810062"<endrec>
"1018","0","810072"<endrec>
"1018","1","810051"<endrec>
"1018","1","810072"<endrec>
"1019","0","810041"<endrec>
"1019","0","810051"<endrec>
"1019","0","810062"<endrec>
"1019","1","810051"<endrec>
"1020","0","810041"<endrec>
"1020","0","810051"<endrec>
"1020","0","810062"<endrec>
"1020","0","810072"<endrec>
"1020","1","810051"<endrec>
"1020","1","810072"<endrec>
"1021","0","810342"<endrec>
"1021","0","810442"<endrec>
"1021","1","810342"<endrec>
"1021","1","810442"<endrec>
"1022","0","810342"<endrec>
"1022","0","810442"<endrec>
"1022","1","810342"<endrec>
"1022","1","810442"<endrec>
"1023","0","810342"<endrec>
"1023","0","810442"<endrec>
"1023","1","810342"<endrec>
"1023","1","810442"<endrec>
"1025","0","810011"<endrec>
"1025","0","810021"<endrec>
"1025","0","810031"<endrec>
"1025","1","810011"<endrec>
"1025","1","810021"<endrec>
"1025","1","810031"<endrec>
"1026","0","810021"<endrec>
"1026","0","810031"<endrec>
"1026","1","810021"<endrec>
"11001","0","810041"<endrec>
"11001","0","810051"<endrec>
"11001","0","810062"<endrec>
"11001","0","810072"<endrec>
"11001","1","810062"<endrec>
"11001","1","810072"<endrec>
"13002","0","810011"<endrec>
"13002","0","810021"<endrec>
"13002","0","810542"<endrec>
"13002","1","810011"<endrec>
"14002","0","810041"<endrec>
"14002","0","810062"<endrec>
"14002","0","810083"<endrec>
"14002","1","810041"<endrec>
"14002","1","810062"<endrec>
"14002","1","810083"<endrec>
"16001","0","810031"<endrec>
"16001","1","810031"<endrec>
"18001","0","810011"<endrec>
"18001","0","810021"<endrec>
"18001","0","810031"<endrec>
"18001","0","810041"<endrec>
"18001","0","810062"<endrec>
"18001","0","810083"<endrec>
"18001","1","810011"<endrec>
"18001","1","810021"<endrec>
"18001","1","810031"<endrec>
"18001","1","810041"<endrec>
"18001","1","810062"<endrec>
"18001","1","810083"<endrec>
"18003","0","810031"<endrec>
"18003","1","810031"<endrec>
"19001","0","810011"<endrec>
"19001","0","810021"<endrec>
"19001","0","810542"<endrec>
"19001","1","810011"<endrec>
"19001","1","810021"<endrec>
"19001","1","810542"<endrec>
"19002","0","810011"<endrec>
"19002","0","810021"<endrec>
"19002","0","810031"<endrec>
"19002","1","810011"<endrec>
"19002","1","810021"<endrec>
"19002","1","810031"<endrec>
"2","0","810021"<endrec>
"2","1","810021"<endrec>
"20001","0","810011"<endrec>
"20001","0","810021"<endrec>
"20001","0","810031"<endrec>
"20001","1","810011"<endrec>
"20001","1","810021"<endrec>
"20001","1","810031"<endrec>
"2001","0","810011"<endrec>
"2001","0","810021"<endrec>
"2001","0","810031"<endrec>
"2001","0","810083"<endrec>
"2001","1","810011"<endrec>
"2001","1","810021"<endrec>
"2001","1","810031"<endrec>
"2001","1","810083"<endrec>
"2003","0","810011"<endrec>
"2003","0","810021"<endrec>
"2003","1","810011"<endrec>
"2004","0","810021"<endrec>
"2004","0","810051"<endrec>
"2004","0","810072"<endrec>
"2004","0","810083"<endrec>
"2004","1","810051"<endrec>
"2004","1","810072"<endrec>
"21001","0","810011"<endrec>
"22001","0","810011"<endrec>
"22001","1","810011"<endrec>
"23001","0","810011"<endrec>
"23001","1","810011"<endrec>
"24001","0","810011"<endrec>
"24001","0","810021"<endrec>
"24001","0","810542"<endrec>
"24001","1","810011"<endrec>
"24001","1","810021"<endrec>
"24001","1","810542"<endrec>
"24002","0","810011"<endrec>
"24002","0","810021"<endrec>
"24002","0","810542"<endrec>
"24002","1","810011"<endrec>
"24002","1","810021"<endrec>
"24002","1","810542"<endrec>
"24003","0","810011"<endrec>
"24003","0","810021"<endrec>
"24003","0","810031"<endrec>
"24003","0","810542"<endrec>
"24003","1","810011"<endrec>
"24003","1","810021"<endrec>
"24003","1","810031"<endrec>
"24003","1","810542"<endrec>
"24004","0","810011"<endrec>
"24004","0","810021"<endrec>
"24004","0","810031"<endrec>
"24004","0","810542"<endrec>
"24004","1","810011"<endrec>
"24004","1","810021"<endrec>
"24004","1","810031"<endrec>
"24004","1","810542"<endrec>
"25001","0","810011"<endrec>
"25001","0","810021"<endrec>
"25001","0","810031"<endrec>
"25001","0","810542"<endrec>
"25001","1","810011"<endrec>
"25001","1","810021"<endrec>
"25001","1","810031"<endrec>
"25001","1","810542"<endrec>
"28001","0","810041"<endrec>
"28001","0","810062"<endrec>
"28001","0","810083"<endrec>
"28001","1","810041"<endrec>
"28001","1","810062"<endrec>
"28001","1","810083"<endrec>
"29001","0","810031"<endrec>
"29001","0","810542"<endrec>
"29001","1","810031"<endrec>
"30001","0","810011"<endrec>
"30001","0","810021"<endrec>
"30001","0","810031"<endrec>
"30001","0","810542"<endrec>
"30001","1","810011"<endrec>
"30001","1","810021"<endrec>
"30001","1","810031"<endrec>
"30001","1","810542"<endrec>
"30002","0","810011"<endrec>
"30002","0","810021"<endrec>
"30002","0","810031"<endrec>
"30002","0","810542"<endrec>
"30002","1","810011"<endrec>
"30002","1","810021"<endrec>
"30002","1","810031"<endrec>
"30002","1","810542"<endrec>
"31001","0","810011"<endrec>
"31001","0","810021"<endrec>
"31001","0","810031"<endrec>
"31001","0","810542"<endrec>
"31001","1","810011"<endrec>
"31001","1","810021"<endrec>
"31001","1","810031"<endrec>
"31001","1","810542"<endrec>
"31002","0","810011"<endrec>
"31002","0","810021"<endrec>
"31002","0","810031"<endrec>
"31002","0","810542"<endrec>
"31002","1","810011"<endrec>
"31002","1","810021"<endrec>
"31002","1","810031"<endrec>
"31002","1","810542"<endrec>
"31003","0","810011"<endrec>
"31003","0","810021"<endrec>
"31003","0","810031"<endrec>
"31003","0","810542"<endrec>
"31003","1","810011"<endrec>
"31003","1","810021"<endrec>
"31003","1","810031"<endrec>
"31003","1","810542"<endrec>
"33001","0","810011"<endrec>
"33001","0","810021"<endrec>
"33001","0","810031"<endrec>
"33001","0","810542"<endrec>
"33001","1","810011"<endrec>
"33001","1","810021"<endrec>
"33001","1","810031"<endrec>
"33001","1","810542"<endrec>
"33002","0","810031"<endrec>
"33002","1","810031"<endrec>
"33003","0","810031"<endrec>
"33003","1","810031"<endrec>
"34001","0","810031"<endrec>
"34001","1","810031"<endrec>
"35001","0","810011"<endrec>
"35001","0","810021"<endrec>
"35001","0","810031"<endrec>
"35001","0","810542"<endrec>
"35001","1","810011"<endrec>
"35001","1","810021"<endrec>
"35001","1","810031"<endrec>
"35001","1","810542"<endrec>
"36001","0","810031"<endrec>
"36001","1","810031"<endrec>
"37001","0","810011"<endrec>
"37001","0","810021"<endrec>
"37001","0","810031"<endrec>
"37001","0","810542"<endrec>
"37001","1","810011"<endrec>
"37001","1","810021"<endrec>
"37001","1","810031"<endrec>
"37001","1","810542"<endrec>
"37002","0","810011"<endrec>
"37002","0","810021"<endrec>
"37002","0","810031"<endrec>
"37002","0","810542"<endrec>
"37002","1","810011"<endrec>
"37002","1","810021"<endrec>
"37002","1","810031"<endrec>
"37002","1","810542"<endrec>
"4001","0","810011"<endrec>
"4001","0","810021"<endrec>
"4001","1","810021"<endrec>
"4002","0","810011"<endrec>
"4002","0","810021"<endrec>
"4002","1","810011"<endrec>
"4002","1","810021"<endrec>
"4003","0","810011"<endrec>
"4003","0","810021"<endrec>
"4003","1","810011"<endrec>
"4003","1","810021"<endrec>
"5002","0","810083"<endrec>
"6001","0","810021"<endrec>
"6001","0","810031"<endrec>
"6001","1","810031"<endrec>
"66001","0","810031"<endrec>
"66001","0","810041"<endrec>
"66001","0","810342"<endrec>
"66001","1","810031"<endrec>
"66001","1","810041"<endrec>
"66001","1","810342"<endrec>
"66002","0","810021"<endrec>
"66002","0","810542"<endrec>
"66002","1","810021"<endrec>
"66002","1","810542"<endrec>
"66003","0","810021"<endrec>
"66003","0","810031"<endrec>
"66003","1","810021"<endrec>
"66003","1","810031"<endrec>
"7001","0","810041"<endrec>
"7001","0","810062"<endrec>
"7001","0","810083"<endrec>
"7001","1","810083"<endrec>
"7002","0","810011"<endrec>
"7002","0","810021"<endrec>
"7002","1","810011"<endrec>
"7002","1","810021"<endrec>
"7003","0","810021"<endrec>
"7003","1","810021"<endrec>
"7004","0","810021"<endrec>
"7004","1","810021"<endrec>
"7005","0","810011"<endrec>
"7005","0","810083"<endrec>
"7005","1","810011"<endrec>
"7005","1","810083"<endrec>
"7010","0","810031"<endrec>
"7012","0","810011"<endrec>
"7012","0","810021"<endrec>
"7012","0","810031"<endrec>
"7012","1","810011"<endrec>
"7012","1","810021"<endrec>
"7012","1","810031"<endrec>
"8001","0","810011"<endrec>
"8001","0","810021"<endrec>
"8001","1","810011"<endrec>
"9001","0","810011"<endrec>
"9001","0","810021"<endrec>
"9001","0","810041"<endrec>
"9001","0","810062"<endrec>
"9001","0","810542"<endrec>
"9001","1","810041"<endrec>
